order	time	memory	cross_entropy	input_file	architecture	number_of_states	threads	fit	params_json	train_opt_json	no_mean	log_file
1	8.42	168432.0	4.002870025241596	gaussian.npy	chain	2	1	d	"{""ftol"": 1e-6,""gtol"": 1e-6,""maxiter"": 15000,""maxcor"": 10}"	"{ ""sample_size"": 500, ""number_of_tries"": 10, ""percent_to_visualize"": 100 }"	True	trainig_log
2	9.43	168196.0	3.4189932476860365	gaussian.npy	chain	4	1	d	"{""ftol"": 1e-6,""gtol"": 1e-6,""maxiter"": 15000,""maxcor"": 10}"	"{ ""sample_size"": 500, ""number_of_tries"": 10, ""percent_to_visualize"": 100 }"	True	trainig_log
3	10.63	168844.0	3.1865014044254134	gaussian.npy	chain	6	1	d	"{""ftol"": 1e-6,""gtol"": 1e-6,""maxiter"": 15000,""maxcor"": 10}"	"{ ""sample_size"": 500, ""number_of_tries"": 10, ""percent_to_visualize"": 100 }"	True	trainig_log
4	7.31	168780.0	3.0739370841596294	gaussian.npy	chain	8	1	d	"{""ftol"": 1e-6,""gtol"": 1e-6,""maxiter"": 15000,""maxcor"": 10}"	"{ ""sample_size"": 500, ""number_of_tries"": 10, ""percent_to_visualize"": 100 }"	True	trainig_log
5	10.81	168728.0	3.2658954062088568	gaussian.npy	chain	10	1	d	"{""ftol"": 1e-6,""gtol"": 1e-6,""maxiter"": 15000,""maxcor"": 10}"	"{ ""sample_size"": 500, ""number_of_tries"": 10, ""percent_to_visualize"": 100 }"	True	trainig_log
6	42.81	168420.0	3.7463714233594567	gaussian.npy	chain	12	1	d	"{""ftol"": 1e-6,""gtol"": 1e-6,""maxiter"": 15000,""maxcor"": 10}"	"{ ""sample_size"": 500, ""number_of_tries"": 10, ""percent_to_visualize"": 100 }"	True	trainig_log
7	46.04	168356.0	4.800114169322429	gaussian.npy	chain	14	1	d	"{""ftol"": 1e-6,""gtol"": 1e-6,""maxiter"": 15000,""maxcor"": 10}"	"{ ""sample_size"": 500, ""number_of_tries"": 10, ""percent_to_visualize"": 100 }"	True	trainig_log
8	61.26	167956.0	7.297940989291912	gaussian.npy	chain	16	1	d	"{""ftol"": 1e-6,""gtol"": 1e-6,""maxiter"": 15000,""maxcor"": 10}"	"{ ""sample_size"": 500, ""number_of_tries"": 10, ""percent_to_visualize"": 100 }"	True	trainig_log
9	58.47	168812.0	11.432089712156804	gaussian.npy	chain	18	1	d	"{""ftol"": 1e-6,""gtol"": 1e-6,""maxiter"": 15000,""maxcor"": 10}"	"{ ""sample_size"": 500, ""number_of_tries"": 10, ""percent_to_visualize"": 100 }"	True	trainig_log
10	19.57	168632.0	17.005701224734224	gaussian.npy	chain	20	1	d	"{""ftol"": 1e-6,""gtol"": 1e-6,""maxiter"": 15000,""maxcor"": 10}"	"{ ""sample_size"": 500, ""number_of_tries"": 10, ""percent_to_visualize"": 100 }"	True	trainig_log
11	24.73	168420.0	24.35570530770894	gaussian.npy	chain	22	1	d	"{""ftol"": 1e-6,""gtol"": 1e-6,""maxiter"": 15000,""maxcor"": 10}"	"{ ""sample_size"": 500, ""number_of_tries"": 10, ""percent_to_visualize"": 100 }"	True	trainig_log
12	20.98	168592.0	30.03744995201933	gaussian.npy	chain	24	1	d	"{""ftol"": 1e-6,""gtol"": 1e-6,""maxiter"": 15000,""maxcor"": 10}"	"{ ""sample_size"": 500, ""number_of_tries"": 10, ""percent_to_visualize"": 100 }"	True	trainig_log
13	23.74	168620.0	36.304550471334686	gaussian.npy	chain	26	1	d	"{""ftol"": 1e-6,""gtol"": 1e-6,""maxiter"": 15000,""maxcor"": 10}"	"{ ""sample_size"": 500, ""number_of_tries"": 10, ""percent_to_visualize"": 100 }"	True	trainig_log
14	19.0	168052.0	41.36455612018776	gaussian.npy	chain	28	1	d	"{""ftol"": 1e-6,""gtol"": 1e-6,""maxiter"": 15000,""maxcor"": 10}"	"{ ""sample_size"": 500, ""number_of_tries"": 10, ""percent_to_visualize"": 100 }"	True	trainig_log
15	37.93	168592.0	43.56888194492682	gaussian.npy	chain	30	1	d	"{""ftol"": 1e-6,""gtol"": 1e-6,""maxiter"": 15000,""maxcor"": 10}"	"{ ""sample_size"": 500, ""number_of_tries"": 10, ""percent_to_visualize"": 100 }"	True	trainig_log
16	6.35	168248.0	46.05170185988091	gaussian.npy	escape_chain	2	1	d	"{""ftol"": 1e-6,""gtol"": 1e-6,""maxiter"": 15000,""maxcor"": 10}"	"{ ""sample_size"": 500, ""number_of_tries"": 10, ""percent_to_visualize"": 100 }"	True	trainig_log
17	6.99	168484.0	46.05170185988091	gaussian.npy	escape_chain	4	1	d	"{""ftol"": 1e-6,""gtol"": 1e-6,""maxiter"": 15000,""maxcor"": 10}"	"{ ""sample_size"": 500, ""number_of_tries"": 10, ""percent_to_visualize"": 100 }"	True	trainig_log
18	6.55	168572.0	46.05170185988091	gaussian.npy	escape_chain	6	1	d	"{""ftol"": 1e-6,""gtol"": 1e-6,""maxiter"": 15000,""maxcor"": 10}"	"{ ""sample_size"": 500, ""number_of_tries"": 10, ""percent_to_visualize"": 100 }"	True	trainig_log
19	10.2	168356.0	45.86750843832552	gaussian.npy	escape_chain	8	1	d	"{""ftol"": 1e-6,""gtol"": 1e-6,""maxiter"": 15000,""maxcor"": 10}"	"{ ""sample_size"": 500, ""number_of_tries"": 10, ""percent_to_visualize"": 100 }"	True	trainig_log
20	14.14	168168.0	45.51155701501053	gaussian.npy	escape_chain	10	1	d	"{""ftol"": 1e-6,""gtol"": 1e-6,""maxiter"": 15000,""maxcor"": 10}"	"{ ""sample_size"": 500, ""number_of_tries"": 10, ""percent_to_visualize"": 100 }"	True	trainig_log
21	21.95	168544.0	44.62773133070122	gaussian.npy	escape_chain	12	1	d	"{""ftol"": 1e-6,""gtol"": 1e-6,""maxiter"": 15000,""maxcor"": 10}"	"{ ""sample_size"": 500, ""number_of_tries"": 10, ""percent_to_visualize"": 100 }"	True	trainig_log
22	21.08	168392.0	43.30998755946849	gaussian.npy	escape_chain	14	1	d	"{""ftol"": 1e-6,""gtol"": 1e-6,""maxiter"": 15000,""maxcor"": 10}"	"{ ""sample_size"": 500, ""number_of_tries"": 10, ""percent_to_visualize"": 100 }"	True	trainig_log
23	33.75	168212.0	39.73600577177	gaussian.npy	escape_chain	16	1	d	"{""ftol"": 1e-6,""gtol"": 1e-6,""maxiter"": 15000,""maxcor"": 10}"	"{ ""sample_size"": 500, ""number_of_tries"": 10, ""percent_to_visualize"": 100 }"	True	trainig_log
24	37.59	168020.0	33.983915142774684	gaussian.npy	escape_chain	18	1	d	"{""ftol"": 1e-6,""gtol"": 1e-6,""maxiter"": 15000,""maxcor"": 10}"	"{ ""sample_size"": 500, ""number_of_tries"": 10, ""percent_to_visualize"": 100 }"	True	trainig_log
25	36.87	168748.0	28.35339856072291	gaussian.npy	escape_chain	20	1	d	"{""ftol"": 1e-6,""gtol"": 1e-6,""maxiter"": 15000,""maxcor"": 10}"	"{ ""sample_size"": 500, ""number_of_tries"": 10, ""percent_to_visualize"": 100 }"	True	trainig_log
26	51.28	168468.0	21.077324928599868	gaussian.npy	escape_chain	22	1	d	"{""ftol"": 1e-6,""gtol"": 1e-6,""maxiter"": 15000,""maxcor"": 10}"	"{ ""sample_size"": 500, ""number_of_tries"": 10, ""percent_to_visualize"": 100 }"	True	trainig_log
27	70.5	168844.0	15.263992900543165	gaussian.npy	escape_chain	24	1	d	"{""ftol"": 1e-6,""gtol"": 1e-6,""maxiter"": 15000,""maxcor"": 10}"	"{ ""sample_size"": 500, ""number_of_tries"": 10, ""percent_to_visualize"": 100 }"	True	trainig_log
28	63.55	168532.0	9.358311961843778	gaussian.npy	escape_chain	26	1	d	"{""ftol"": 1e-6,""gtol"": 1e-6,""maxiter"": 15000,""maxcor"": 10}"	"{ ""sample_size"": 500, ""number_of_tries"": 10, ""percent_to_visualize"": 100 }"	True	trainig_log
29	91.0	168036.0	6.684274745085727	gaussian.npy	escape_chain	28	1	d	"{""ftol"": 1e-6,""gtol"": 1e-6,""maxiter"": 15000,""maxcor"": 10}"	"{ ""sample_size"": 500, ""number_of_tries"": 10, ""percent_to_visualize"": 100 }"	True	trainig_log
30	92.64	168568.0	4.279957090941723	gaussian.npy	escape_chain	30	1	d	"{""ftol"": 1e-6,""gtol"": 1e-6,""maxiter"": 15000,""maxcor"": 10}"	"{ ""sample_size"": 500, ""number_of_tries"": 10, ""percent_to_visualize"": 100 }"	True	trainig_log
31	87.24	168996.0	3.3093659916999663	gaussian.npy	escape_chain	32	1	d	"{""ftol"": 1e-6,""gtol"": 1e-6,""maxiter"": 15000,""maxcor"": 10}"	"{ ""sample_size"": 500, ""number_of_tries"": 10, ""percent_to_visualize"": 100 }"	True	trainig_log
32	43.09	168208.0	3.2125110105358137	gaussian.npy	escape_chain	34	1	d	"{""ftol"": 1e-6,""gtol"": 1e-6,""maxiter"": 15000,""maxcor"": 10}"	"{ ""sample_size"": 500, ""number_of_tries"": 10, ""percent_to_visualize"": 100 }"	True	trainig_log
33	37.19	168552.0	3.0959235528653277	gaussian.npy	escape_chain	36	1	d	"{""ftol"": 1e-6,""gtol"": 1e-6,""maxiter"": 15000,""maxcor"": 10}"	"{ ""sample_size"": 500, ""number_of_tries"": 10, ""percent_to_visualize"": 100 }"	True	trainig_log
34	120.49	168588.0	3.0350152852379706	gaussian.npy	escape_chain	38	1	d	"{""ftol"": 1e-6,""gtol"": 1e-6,""maxiter"": 15000,""maxcor"": 10}"	"{ ""sample_size"": 500, ""number_of_tries"": 10, ""percent_to_visualize"": 100 }"	True	trainig_log
35	146.58	168860.0	2.9930316868425466	gaussian.npy	escape_chain	40	1	d	"{""ftol"": 1e-6,""gtol"": 1e-6,""maxiter"": 15000,""maxcor"": 10}"	"{ ""sample_size"": 500, ""number_of_tries"": 10, ""percent_to_visualize"": 100 }"	True	trainig_log
36	135.17	168868.0	3.039758658760128	gaussian.npy	escape_chain	42	1	d	"{""ftol"": 1e-6,""gtol"": 1e-6,""maxiter"": 15000,""maxcor"": 10}"	"{ ""sample_size"": 500, ""number_of_tries"": 10, ""percent_to_visualize"": 100 }"	True	trainig_log
37	145.76	168064.0	3.0596464449138225	gaussian.npy	escape_chain	44	1	d	"{""ftol"": 1e-6,""gtol"": 1e-6,""maxiter"": 15000,""maxcor"": 10}"	"{ ""sample_size"": 500, ""number_of_tries"": 10, ""percent_to_visualize"": 100 }"	True	trainig_log
38	170.68	168652.0	3.044861382278502	gaussian.npy	escape_chain	46	1	d	"{""ftol"": 1e-6,""gtol"": 1e-6,""maxiter"": 15000,""maxcor"": 10}"	"{ ""sample_size"": 500, ""number_of_tries"": 10, ""percent_to_visualize"": 100 }"	True	trainig_log
39	114.32	168060.0	3.0595822315856527	gaussian.npy	escape_chain	48	1	d	"{""ftol"": 1e-6,""gtol"": 1e-6,""maxiter"": 15000,""maxcor"": 10}"	"{ ""sample_size"": 500, ""number_of_tries"": 10, ""percent_to_visualize"": 100 }"	True	trainig_log
40	222.02	168624.0	3.150009024767291	gaussian.npy	escape_chain	50	1	d	"{""ftol"": 1e-6,""gtol"": 1e-6,""maxiter"": 15000,""maxcor"": 10}"	"{ ""sample_size"": 500, ""number_of_tries"": 10, ""percent_to_visualize"": 100 }"	True	trainig_log
41	9.73	168108.0	4.002934622064162	gaussian.npy	combined	2	1	d	"{""ftol"": 1e-6,""gtol"": 1e-6,""maxiter"": 15000,""maxcor"": 10}"	"{ ""sample_size"": 500, ""number_of_tries"": 10, ""percent_to_visualize"": 100 }"	True	trainig_log
42	19.76	168436.0	3.4190948019735354	gaussian.npy	combined	4	1	d	"{""ftol"": 1e-6,""gtol"": 1e-6,""maxiter"": 15000,""maxcor"": 10}"	"{ ""sample_size"": 500, ""number_of_tries"": 10, ""percent_to_visualize"": 100 }"	True	trainig_log
43	34.12	168364.0	3.244751516932433	gaussian.npy	combined	6	1	d	"{""ftol"": 1e-6,""gtol"": 1e-6,""maxiter"": 15000,""maxcor"": 10}"	"{ ""sample_size"": 500, ""number_of_tries"": 10, ""percent_to_visualize"": 100 }"	True	trainig_log
44	48.57	168568.0	3.1233968892409183	gaussian.npy	combined	8	1	d	"{""ftol"": 1e-6,""gtol"": 1e-6,""maxiter"": 15000,""maxcor"": 10}"	"{ ""sample_size"": 500, ""number_of_tries"": 10, ""percent_to_visualize"": 100 }"	True	trainig_log
45	65.39	168924.0	3.0338786567337563	gaussian.npy	combined	10	1	d	"{""ftol"": 1e-6,""gtol"": 1e-6,""maxiter"": 15000,""maxcor"": 10}"	"{ ""sample_size"": 500, ""number_of_tries"": 10, ""percent_to_visualize"": 100 }"	True	trainig_log
46	92.85	168612.0	3.0158949526045684	gaussian.npy	combined	12	1	d	"{""ftol"": 1e-6,""gtol"": 1e-6,""maxiter"": 15000,""maxcor"": 10}"	"{ ""sample_size"": 500, ""number_of_tries"": 10, ""percent_to_visualize"": 100 }"	True	trainig_log
47	120.82	168544.0	3.0124894992342046	gaussian.npy	combined	14	1	d	"{""ftol"": 1e-6,""gtol"": 1e-6,""maxiter"": 15000,""maxcor"": 10}"	"{ ""sample_size"": 500, ""number_of_tries"": 10, ""percent_to_visualize"": 100 }"	True	trainig_log
48	210.51	168440.0	3.0059077031401813	gaussian.npy	combined	16	1	d	"{""ftol"": 1e-6,""gtol"": 1e-6,""maxiter"": 15000,""maxcor"": 10}"	"{ ""sample_size"": 500, ""number_of_tries"": 10, ""percent_to_visualize"": 100 }"	True	trainig_log
49	158.56	168436.0	3.0309176856947464	gaussian.npy	combined	18	1	d	"{""ftol"": 1e-6,""gtol"": 1e-6,""maxiter"": 15000,""maxcor"": 10}"	"{ ""sample_size"": 500, ""number_of_tries"": 10, ""percent_to_visualize"": 100 }"	True	trainig_log
50	161.7	168540.0	3.0067160797146566	gaussian.npy	combined	20	1	d	"{""ftol"": 1e-6,""gtol"": 1e-6,""maxiter"": 15000,""maxcor"": 10}"	"{ ""sample_size"": 500, ""number_of_tries"": 10, ""percent_to_visualize"": 100 }"	True	trainig_log
51	275.23	168692.0	3.0215520716785016	gaussian.npy	combined	22	1	d	"{""ftol"": 1e-6,""gtol"": 1e-6,""maxiter"": 15000,""maxcor"": 10}"	"{ ""sample_size"": 500, ""number_of_tries"": 10, ""percent_to_visualize"": 100 }"	True	trainig_log
52	178.33	168616.0	3.004550805576005	gaussian.npy	combined	24	1	d	"{""ftol"": 1e-6,""gtol"": 1e-6,""maxiter"": 15000,""maxcor"": 10}"	"{ ""sample_size"": 500, ""number_of_tries"": 10, ""percent_to_visualize"": 100 }"	True	trainig_log
53	241.28	168828.0	3.018137918195272	gaussian.npy	combined	26	1	d	"{""ftol"": 1e-6,""gtol"": 1e-6,""maxiter"": 15000,""maxcor"": 10}"	"{ ""sample_size"": 500, ""number_of_tries"": 10, ""percent_to_visualize"": 100 }"	True	trainig_log
54	274.82	168640.0	3.1475255292765736	gaussian.npy	combined	28	1	d	"{""ftol"": 1e-6,""gtol"": 1e-6,""maxiter"": 15000,""maxcor"": 10}"	"{ ""sample_size"": 500, ""number_of_tries"": 10, ""percent_to_visualize"": 100 }"	True	trainig_log
55	404.99	168144.0	3.0067792372632893	gaussian.npy	combined	30	1	d	"{""ftol"": 1e-6,""gtol"": 1e-6,""maxiter"": 15000,""maxcor"": 10}"	"{ ""sample_size"": 500, ""number_of_tries"": 10, ""percent_to_visualize"": 100 }"	True	trainig_log
56	317.07	168056.0	3.0408144496050875	gaussian.npy	combined	32	1	d	"{""ftol"": 1e-6,""gtol"": 1e-6,""maxiter"": 15000,""maxcor"": 10}"	"{ ""sample_size"": 500, ""number_of_tries"": 10, ""percent_to_visualize"": 100 }"	True	trainig_log
57	755.37	168544.0	3.0303311979956717	gaussian.npy	combined	34	1	d	"{""ftol"": 1e-6,""gtol"": 1e-6,""maxiter"": 15000,""maxcor"": 10}"	"{ ""sample_size"": 500, ""number_of_tries"": 10, ""percent_to_visualize"": 100 }"	True	trainig_log
58	399.53	168456.0	3.0524916986167336	gaussian.npy	combined	36	1	d	"{""ftol"": 1e-6,""gtol"": 1e-6,""maxiter"": 15000,""maxcor"": 10}"	"{ ""sample_size"": 500, ""number_of_tries"": 10, ""percent_to_visualize"": 100 }"	True	trainig_log
59	407.97	168752.0	3.0065870699588317	gaussian.npy	combined	38	1	d	"{""ftol"": 1e-6,""gtol"": 1e-6,""maxiter"": 15000,""maxcor"": 10}"	"{ ""sample_size"": 500, ""number_of_tries"": 10, ""percent_to_visualize"": 100 }"	True	trainig_log
60	679.85	168904.0	3.0549542059103705	gaussian.npy	combined	40	1	d	"{""ftol"": 1e-6,""gtol"": 1e-6,""maxiter"": 15000,""maxcor"": 10}"	"{ ""sample_size"": 500, ""number_of_tries"": 10, ""percent_to_visualize"": 100 }"	True	trainig_log
61	638.6	168576.0	3.005414158063142	gaussian.npy	combined	42	1	d	"{""ftol"": 1e-6,""gtol"": 1e-6,""maxiter"": 15000,""maxcor"": 10}"	"{ ""sample_size"": 500, ""number_of_tries"": 10, ""percent_to_visualize"": 100 }"	True	trainig_log
62	822.96	168716.0	3.008993030352937	gaussian.npy	combined	44	1	d	"{""ftol"": 1e-6,""gtol"": 1e-6,""maxiter"": 15000,""maxcor"": 10}"	"{ ""sample_size"": 500, ""number_of_tries"": 10, ""percent_to_visualize"": 100 }"	True	trainig_log
63	10.91	168168.0	4.317453431671448	bimodal.npy	chain	2	1	d	"{""ftol"": 1e-6,""gtol"": 1e-6,""maxiter"": 15000,""maxcor"": 10}"	"{ ""sample_size"": 1000, ""number_of_tries"": 10, ""percent_to_visualize"": 100 }"	True	trainig_log
64	16.84	168536.0	3.960306114919765	bimodal.npy	chain	4	1	d	"{""ftol"": 1e-6,""gtol"": 1e-6,""maxiter"": 15000,""maxcor"": 10}"	"{ ""sample_size"": 1000, ""number_of_tries"": 10, ""percent_to_visualize"": 100 }"	True	trainig_log
65	21.17	168332.0	3.9402870252588413	bimodal.npy	chain	6	1	d	"{""ftol"": 1e-6,""gtol"": 1e-6,""maxiter"": 15000,""maxcor"": 10}"	"{ ""sample_size"": 1000, ""number_of_tries"": 10, ""percent_to_visualize"": 100 }"	True	trainig_log
66	21.05	168636.0	3.9302656124997655	bimodal.npy	chain	8	1	d	"{""ftol"": 1e-6,""gtol"": 1e-6,""maxiter"": 15000,""maxcor"": 10}"	"{ ""sample_size"": 1000, ""number_of_tries"": 10, ""percent_to_visualize"": 100 }"	True	trainig_log
67	47.06	168224.0	4.081624950471923	bimodal.npy	chain	10	1	d	"{""ftol"": 1e-6,""gtol"": 1e-6,""maxiter"": 15000,""maxcor"": 10}"	"{ ""sample_size"": 1000, ""number_of_tries"": 10, ""percent_to_visualize"": 100 }"	True	trainig_log
68	51.71	168704.0	4.924373214748275	bimodal.npy	chain	12	1	d	"{""ftol"": 1e-6,""gtol"": 1e-6,""maxiter"": 15000,""maxcor"": 10}"	"{ ""sample_size"": 1000, ""number_of_tries"": 10, ""percent_to_visualize"": 100 }"	True	trainig_log
69	60.62	168616.0	6.9118560024499	bimodal.npy	chain	14	1	d	"{""ftol"": 1e-6,""gtol"": 1e-6,""maxiter"": 15000,""maxcor"": 10}"	"{ ""sample_size"": 1000, ""number_of_tries"": 10, ""percent_to_visualize"": 100 }"	True	trainig_log
70	63.98	168596.0	11.520140506452984	bimodal.npy	chain	16	1	d	"{""ftol"": 1e-6,""gtol"": 1e-6,""maxiter"": 15000,""maxcor"": 10}"	"{ ""sample_size"": 1000, ""number_of_tries"": 10, ""percent_to_visualize"": 100 }"	True	trainig_log
71	78.78	168212.0	17.242332494700822	bimodal.npy	chain	18	1	d	"{""ftol"": 1e-6,""gtol"": 1e-6,""maxiter"": 15000,""maxcor"": 10}"	"{ ""sample_size"": 1000, ""number_of_tries"": 10, ""percent_to_visualize"": 100 }"	True	trainig_log
72	86.9	168392.0	21.61755676652196	bimodal.npy	chain	20	1	d	"{""ftol"": 1e-6,""gtol"": 1e-6,""maxiter"": 15000,""maxcor"": 10}"	"{ ""sample_size"": 1000, ""number_of_tries"": 10, ""percent_to_visualize"": 100 }"	True	trainig_log
73	53.47	168536.0	23.686214208906094	bimodal.npy	chain	22	1	d	"{""ftol"": 1e-6,""gtol"": 1e-6,""maxiter"": 15000,""maxcor"": 10}"	"{ ""sample_size"": 1000, ""number_of_tries"": 10, ""percent_to_visualize"": 100 }"	True	trainig_log
74	27.48	168876.0	24.298315828031573	bimodal.npy	chain	24	1	d	"{""ftol"": 1e-6,""gtol"": 1e-6,""maxiter"": 15000,""maxcor"": 10}"	"{ ""sample_size"": 1000, ""number_of_tries"": 10, ""percent_to_visualize"": 100 }"	True	trainig_log
75	29.78	168472.0	24.565344713112502	bimodal.npy	chain	26	1	d	"{""ftol"": 1e-6,""gtol"": 1e-6,""maxiter"": 15000,""maxcor"": 10}"	"{ ""sample_size"": 1000, ""number_of_tries"": 10, ""percent_to_visualize"": 100 }"	True	trainig_log
76	29.07	168332.0	24.603465558118906	bimodal.npy	chain	28	1	d	"{""ftol"": 1e-6,""gtol"": 1e-6,""maxiter"": 15000,""maxcor"": 10}"	"{ ""sample_size"": 1000, ""number_of_tries"": 10, ""percent_to_visualize"": 100 }"	True	trainig_log
77	12.88	168600.0	4.317561543511147	bimodal.npy	combined	2	1	d	"{""ftol"": 1e-6,""gtol"": 1e-6,""maxiter"": 15000,""maxcor"": 10}"	"{ ""sample_size"": 1000, ""number_of_tries"": 10, ""percent_to_visualize"": 100 }"	True	trainig_log
78	33.11	167964.0	4.022760166073442	bimodal.npy	combined	4	1	d	"{""ftol"": 1e-6,""gtol"": 1e-6,""maxiter"": 15000,""maxcor"": 10}"	"{ ""sample_size"": 1000, ""number_of_tries"": 10, ""percent_to_visualize"": 100 }"	True	trainig_log
79	74.78	168452.0	3.946419482367137	bimodal.npy	combined	6	1	d	"{""ftol"": 1e-6,""gtol"": 1e-6,""maxiter"": 15000,""maxcor"": 10}"	"{ ""sample_size"": 1000, ""number_of_tries"": 10, ""percent_to_visualize"": 100 }"	True	trainig_log
80	61.53	168332.0	3.928824997545719	bimodal.npy	combined	8	1	d	"{""ftol"": 1e-6,""gtol"": 1e-6,""maxiter"": 15000,""maxcor"": 10}"	"{ ""sample_size"": 1000, ""number_of_tries"": 10, ""percent_to_visualize"": 100 }"	True	trainig_log
81	74.18	168508.0	3.935954288199528	bimodal.npy	combined	10	1	d	"{""ftol"": 1e-6,""gtol"": 1e-6,""maxiter"": 15000,""maxcor"": 10}"	"{ ""sample_size"": 1000, ""number_of_tries"": 10, ""percent_to_visualize"": 100 }"	True	trainig_log
82	55.95	168320.0	3.9420124363164133	bimodal.npy	combined	12	1	d	"{""ftol"": 1e-6,""gtol"": 1e-6,""maxiter"": 15000,""maxcor"": 10}"	"{ ""sample_size"": 1000, ""number_of_tries"": 10, ""percent_to_visualize"": 100 }"	True	trainig_log
83	186.84	168228.0	3.6651438516790495	bimodal.npy	combined	14	1	d	"{""ftol"": 1e-6,""gtol"": 1e-6,""maxiter"": 15000,""maxcor"": 10}"	"{ ""sample_size"": 1000, ""number_of_tries"": 10, ""percent_to_visualize"": 100 }"	True	trainig_log
84	140.52	168748.0	3.670199056975396	bimodal.npy	combined	16	1	d	"{""ftol"": 1e-6,""gtol"": 1e-6,""maxiter"": 15000,""maxcor"": 10}"	"{ ""sample_size"": 1000, ""number_of_tries"": 10, ""percent_to_visualize"": 100 }"	True	trainig_log
85	107.71	168728.0	3.5990927852619934	bimodal.npy	combined	18	1	d	"{""ftol"": 1e-6,""gtol"": 1e-6,""maxiter"": 15000,""maxcor"": 10}"	"{ ""sample_size"": 1000, ""number_of_tries"": 10, ""percent_to_visualize"": 100 }"	True	trainig_log
86	412.33	167896.0	3.5215371859406925	bimodal.npy	combined	20	1	d	"{""ftol"": 1e-6,""gtol"": 1e-6,""maxiter"": 15000,""maxcor"": 10}"	"{ ""sample_size"": 1000, ""number_of_tries"": 10, ""percent_to_visualize"": 100 }"	True	trainig_log
87	536.83	168588.0	3.4898003760770946	bimodal.npy	combined	22	1	d	"{""ftol"": 1e-6,""gtol"": 1e-6,""maxiter"": 15000,""maxcor"": 10}"	"{ ""sample_size"": 1000, ""number_of_tries"": 10, ""percent_to_visualize"": 100 }"	True	trainig_log
88	340.91	168680.0	3.470047336990275	bimodal.npy	combined	24	1	d	"{""ftol"": 1e-6,""gtol"": 1e-6,""maxiter"": 15000,""maxcor"": 10}"	"{ ""sample_size"": 1000, ""number_of_tries"": 10, ""percent_to_visualize"": 100 }"	True	trainig_log
89	663.73	168836.0	3.453387926547133	bimodal.npy	combined	26	1	d	"{""ftol"": 1e-6,""gtol"": 1e-6,""maxiter"": 15000,""maxcor"": 10}"	"{ ""sample_size"": 1000, ""number_of_tries"": 10, ""percent_to_visualize"": 100 }"	True	trainig_log
90	666.48	168104.0	3.4516129725877165	bimodal.npy	combined	28	1	d	"{""ftol"": 1e-6,""gtol"": 1e-6,""maxiter"": 15000,""maxcor"": 10}"	"{ ""sample_size"": 1000, ""number_of_tries"": 10, ""percent_to_visualize"": 100 }"	True	trainig_log
91	756.38	168100.0	3.460050899385253	bimodal.npy	combined	30	1	d	"{""ftol"": 1e-6,""gtol"": 1e-6,""maxiter"": 15000,""maxcor"": 10}"	"{ ""sample_size"": 1000, ""number_of_tries"": 10, ""percent_to_visualize"": 100 }"	True	trainig_log
92	771.2	168128.0	3.4485678324883504	bimodal.npy	combined	32	1	d	"{""ftol"": 1e-6,""gtol"": 1e-6,""maxiter"": 15000,""maxcor"": 10}"	"{ ""sample_size"": 1000, ""number_of_tries"": 10, ""percent_to_visualize"": 100 }"	True	trainig_log
93	9.42	168704.0	4.003051795602205	gaussian.npy	chain	2	1	d	"{""ftol"": 1e-6,""gtol"": 1e-6,""maxiter"": 15000,""maxcor"": 10}"	"{ ""sample_size"": 500, ""number_of_tries"": 10, ""percent_to_visualize"": 100 }"	False	trainig_log
94	9.19	168596.0	3.419071921552707	gaussian.npy	chain	4	1	d	"{""ftol"": 1e-6,""gtol"": 1e-6,""maxiter"": 15000,""maxcor"": 10}"	"{ ""sample_size"": 500, ""number_of_tries"": 10, ""percent_to_visualize"": 100 }"	False	trainig_log
95	11.74	168064.0	3.188030314623681	gaussian.npy	chain	6	1	d	"{""ftol"": 1e-6,""gtol"": 1e-6,""maxiter"": 15000,""maxcor"": 10}"	"{ ""sample_size"": 500, ""number_of_tries"": 10, ""percent_to_visualize"": 100 }"	False	trainig_log
96	8.56	168804.0	3.0742336311481635	gaussian.npy	chain	8	1	d	"{""ftol"": 1e-6,""gtol"": 1e-6,""maxiter"": 15000,""maxcor"": 10}"	"{ ""sample_size"": 500, ""number_of_tries"": 10, ""percent_to_visualize"": 100 }"	False	trainig_log
97	17.4	168768.0	3.265684207080049	gaussian.npy	chain	10	1	d	"{""ftol"": 1e-6,""gtol"": 1e-6,""maxiter"": 15000,""maxcor"": 10}"	"{ ""sample_size"": 500, ""number_of_tries"": 10, ""percent_to_visualize"": 100 }"	False	trainig_log
98	53.41	168448.0	3.746815686721052	gaussian.npy	chain	12	1	d	"{""ftol"": 1e-6,""gtol"": 1e-6,""maxiter"": 15000,""maxcor"": 10}"	"{ ""sample_size"": 500, ""number_of_tries"": 10, ""percent_to_visualize"": 100 }"	False	trainig_log
99	23.7	168644.0	4.7983424780328585	gaussian.npy	chain	14	1	d	"{""ftol"": 1e-6,""gtol"": 1e-6,""maxiter"": 15000,""maxcor"": 10}"	"{ ""sample_size"": 500, ""number_of_tries"": 10, ""percent_to_visualize"": 100 }"	False	trainig_log
100	36.48	168068.0	7.297844285624079	gaussian.npy	chain	16	1	d	"{""ftol"": 1e-6,""gtol"": 1e-6,""maxiter"": 15000,""maxcor"": 10}"	"{ ""sample_size"": 500, ""number_of_tries"": 10, ""percent_to_visualize"": 100 }"	False	trainig_log
101	45.83	168632.0	11.431399437243256	gaussian.npy	chain	18	1	d	"{""ftol"": 1e-6,""gtol"": 1e-6,""maxiter"": 15000,""maxcor"": 10}"	"{ ""sample_size"": 500, ""number_of_tries"": 10, ""percent_to_visualize"": 100 }"	False	trainig_log
102	40.84	168900.0	17.003292100125527	gaussian.npy	chain	20	1	d	"{""ftol"": 1e-6,""gtol"": 1e-6,""maxiter"": 15000,""maxcor"": 10}"	"{ ""sample_size"": 500, ""number_of_tries"": 10, ""percent_to_visualize"": 100 }"	False	trainig_log
103	16.14	168604.0	24.358275161496927	gaussian.npy	chain	22	1	d	"{""ftol"": 1e-6,""gtol"": 1e-6,""maxiter"": 15000,""maxcor"": 10}"	"{ ""sample_size"": 500, ""number_of_tries"": 10, ""percent_to_visualize"": 100 }"	False	trainig_log
104	19.8	168652.0	30.037431449310827	gaussian.npy	chain	24	1	d	"{""ftol"": 1e-6,""gtol"": 1e-6,""maxiter"": 15000,""maxcor"": 10}"	"{ ""sample_size"": 500, ""number_of_tries"": 10, ""percent_to_visualize"": 100 }"	False	trainig_log
105	26.24	168140.0	36.305729558496	gaussian.npy	chain	26	1	d	"{""ftol"": 1e-6,""gtol"": 1e-6,""maxiter"": 15000,""maxcor"": 10}"	"{ ""sample_size"": 500, ""number_of_tries"": 10, ""percent_to_visualize"": 100 }"	False	trainig_log
106	32.09	168424.0	41.364563222993695	gaussian.npy	chain	28	1	d	"{""ftol"": 1e-6,""gtol"": 1e-6,""maxiter"": 15000,""maxcor"": 10}"	"{ ""sample_size"": 500, ""number_of_tries"": 10, ""percent_to_visualize"": 100 }"	False	trainig_log
107	14.99	168768.0	43.565509708009394	gaussian.npy	chain	30	1	d	"{""ftol"": 1e-6,""gtol"": 1e-6,""maxiter"": 15000,""maxcor"": 10}"	"{ ""sample_size"": 500, ""number_of_tries"": 10, ""percent_to_visualize"": 100 }"	False	trainig_log
108	6.39	168068.0	46.05170185988091	gaussian.npy	escape_chain	2	1	d	"{""ftol"": 1e-6,""gtol"": 1e-6,""maxiter"": 15000,""maxcor"": 10}"	"{ ""sample_size"": 500, ""number_of_tries"": 10, ""percent_to_visualize"": 100 }"	False	trainig_log
109	6.34	168096.0	46.05170185988091	gaussian.npy	escape_chain	4	1	d	"{""ftol"": 1e-6,""gtol"": 1e-6,""maxiter"": 15000,""maxcor"": 10}"	"{ ""sample_size"": 500, ""number_of_tries"": 10, ""percent_to_visualize"": 100 }"	False	trainig_log
110	6.46	168516.0	46.05170185988091	gaussian.npy	escape_chain	6	1	d	"{""ftol"": 1e-6,""gtol"": 1e-6,""maxiter"": 15000,""maxcor"": 10}"	"{ ""sample_size"": 500, ""number_of_tries"": 10, ""percent_to_visualize"": 100 }"	False	trainig_log
111	11.29	168540.0	45.86750550465901	gaussian.npy	escape_chain	8	1	d	"{""ftol"": 1e-6,""gtol"": 1e-6,""maxiter"": 15000,""maxcor"": 10}"	"{ ""sample_size"": 500, ""number_of_tries"": 10, ""percent_to_visualize"": 100 }"	False	trainig_log
112	16.55	168532.0	45.51424526956925	gaussian.npy	escape_chain	10	1	d	"{""ftol"": 1e-6,""gtol"": 1e-6,""maxiter"": 15000,""maxcor"": 10}"	"{ ""sample_size"": 500, ""number_of_tries"": 10, ""percent_to_visualize"": 100 }"	False	trainig_log
113	15.83	168396.0	44.6301709613094	gaussian.npy	escape_chain	12	1	d	"{""ftol"": 1e-6,""gtol"": 1e-6,""maxiter"": 15000,""maxcor"": 10}"	"{ ""sample_size"": 500, ""number_of_tries"": 10, ""percent_to_visualize"": 100 }"	False	trainig_log
114	29.84	168496.0	43.312165993376645	gaussian.npy	escape_chain	14	1	d	"{""ftol"": 1e-6,""gtol"": 1e-6,""maxiter"": 15000,""maxcor"": 10}"	"{ ""sample_size"": 500, ""number_of_tries"": 10, ""percent_to_visualize"": 100 }"	False	trainig_log
115	27.15	168376.0	39.69597849631677	gaussian.npy	escape_chain	16	1	d	"{""ftol"": 1e-6,""gtol"": 1e-6,""maxiter"": 15000,""maxcor"": 10}"	"{ ""sample_size"": 500, ""number_of_tries"": 10, ""percent_to_visualize"": 100 }"	False	trainig_log
116	32.56	168624.0	33.980103683370054	gaussian.npy	escape_chain	18	1	d	"{""ftol"": 1e-6,""gtol"": 1e-6,""maxiter"": 15000,""maxcor"": 10}"	"{ ""sample_size"": 500, ""number_of_tries"": 10, ""percent_to_visualize"": 100 }"	False	trainig_log
117	44.86	168344.0	28.337591590212785	gaussian.npy	escape_chain	20	1	d	"{""ftol"": 1e-6,""gtol"": 1e-6,""maxiter"": 15000,""maxcor"": 10}"	"{ ""sample_size"": 500, ""number_of_tries"": 10, ""percent_to_visualize"": 100 }"	False	trainig_log
118	57.45	168708.0	21.060258884300872	gaussian.npy	escape_chain	22	1	d	"{""ftol"": 1e-6,""gtol"": 1e-6,""maxiter"": 15000,""maxcor"": 10}"	"{ ""sample_size"": 500, ""number_of_tries"": 10, ""percent_to_visualize"": 100 }"	False	trainig_log
119	59.92	168428.0	15.278661242036154	gaussian.npy	escape_chain	24	1	d	"{""ftol"": 1e-6,""gtol"": 1e-6,""maxiter"": 15000,""maxcor"": 10}"	"{ ""sample_size"": 500, ""number_of_tries"": 10, ""percent_to_visualize"": 100 }"	False	trainig_log
120	86.67	168708.0	9.377877461040649	gaussian.npy	escape_chain	26	1	d	"{""ftol"": 1e-6,""gtol"": 1e-6,""maxiter"": 15000,""maxcor"": 10}"	"{ ""sample_size"": 500, ""number_of_tries"": 10, ""percent_to_visualize"": 100 }"	False	trainig_log
121	84.9	167956.0	6.6901675768846856	gaussian.npy	escape_chain	28	1	d	"{""ftol"": 1e-6,""gtol"": 1e-6,""maxiter"": 15000,""maxcor"": 10}"	"{ ""sample_size"": 500, ""number_of_tries"": 10, ""percent_to_visualize"": 100 }"	False	trainig_log
122	28.43	168844.0	4.28821229468227	gaussian.npy	escape_chain	30	1	d	"{""ftol"": 1e-6,""gtol"": 1e-6,""maxiter"": 15000,""maxcor"": 10}"	"{ ""sample_size"": 500, ""number_of_tries"": 10, ""percent_to_visualize"": 100 }"	False	trainig_log
123	88.37	168600.0	3.3159971915019564	gaussian.npy	escape_chain	32	1	d	"{""ftol"": 1e-6,""gtol"": 1e-6,""maxiter"": 15000,""maxcor"": 10}"	"{ ""sample_size"": 500, ""number_of_tries"": 10, ""percent_to_visualize"": 100 }"	False	trainig_log
124	116.49	168396.0	3.1604363175989927	gaussian.npy	escape_chain	34	1	d	"{""ftol"": 1e-6,""gtol"": 1e-6,""maxiter"": 15000,""maxcor"": 10}"	"{ ""sample_size"": 500, ""number_of_tries"": 10, ""percent_to_visualize"": 100 }"	False	trainig_log
125	134.57	168648.0	3.0251044636810667	gaussian.npy	escape_chain	36	1	d	"{""ftol"": 1e-6,""gtol"": 1e-6,""maxiter"": 15000,""maxcor"": 10}"	"{ ""sample_size"": 500, ""number_of_tries"": 10, ""percent_to_visualize"": 100 }"	False	trainig_log
126	98.06	168448.0	3.0331113417932025	gaussian.npy	escape_chain	38	1	d	"{""ftol"": 1e-6,""gtol"": 1e-6,""maxiter"": 15000,""maxcor"": 10}"	"{ ""sample_size"": 500, ""number_of_tries"": 10, ""percent_to_visualize"": 100 }"	False	trainig_log
127	49.57	168620.0	3.093215804113949	gaussian.npy	escape_chain	40	1	d	"{""ftol"": 1e-6,""gtol"": 1e-6,""maxiter"": 15000,""maxcor"": 10}"	"{ ""sample_size"": 500, ""number_of_tries"": 10, ""percent_to_visualize"": 100 }"	False	trainig_log
128	159.5	168536.0	3.0077470485668285	gaussian.npy	escape_chain	42	1	d	"{""ftol"": 1e-6,""gtol"": 1e-6,""maxiter"": 15000,""maxcor"": 10}"	"{ ""sample_size"": 500, ""number_of_tries"": 10, ""percent_to_visualize"": 100 }"	False	trainig_log
129	126.19	168480.0	3.0349260966476135	gaussian.npy	escape_chain	44	1	d	"{""ftol"": 1e-6,""gtol"": 1e-6,""maxiter"": 15000,""maxcor"": 10}"	"{ ""sample_size"": 500, ""number_of_tries"": 10, ""percent_to_visualize"": 100 }"	False	trainig_log
130	75.41	168452.0	3.0764819220898922	gaussian.npy	escape_chain	46	1	d	"{""ftol"": 1e-6,""gtol"": 1e-6,""maxiter"": 15000,""maxcor"": 10}"	"{ ""sample_size"": 500, ""number_of_tries"": 10, ""percent_to_visualize"": 100 }"	False	trainig_log
131	223.87	168432.0	2.9879734565342675	gaussian.npy	escape_chain	48	1	d	"{""ftol"": 1e-6,""gtol"": 1e-6,""maxiter"": 15000,""maxcor"": 10}"	"{ ""sample_size"": 500, ""number_of_tries"": 10, ""percent_to_visualize"": 100 }"	False	trainig_log
132	220.32	168460.0	3.0230270002835513	gaussian.npy	escape_chain	50	1	d	"{""ftol"": 1e-6,""gtol"": 1e-6,""maxiter"": 15000,""maxcor"": 10}"	"{ ""sample_size"": 500, ""number_of_tries"": 10, ""percent_to_visualize"": 100 }"	False	trainig_log
133	11.77	168448.0	4.002918362924225	gaussian.npy	combined	2	1	d	"{""ftol"": 1e-6,""gtol"": 1e-6,""maxiter"": 15000,""maxcor"": 10}"	"{ ""sample_size"": 500, ""number_of_tries"": 10, ""percent_to_visualize"": 100 }"	False	trainig_log
134	11.81	168532.0	3.4193292410737253	gaussian.npy	combined	4	1	d	"{""ftol"": 1e-6,""gtol"": 1e-6,""maxiter"": 15000,""maxcor"": 10}"	"{ ""sample_size"": 500, ""number_of_tries"": 10, ""percent_to_visualize"": 100 }"	False	trainig_log
135	47.05	168648.0	3.1860643061036984	gaussian.npy	combined	6	1	d	"{""ftol"": 1e-6,""gtol"": 1e-6,""maxiter"": 15000,""maxcor"": 10}"	"{ ""sample_size"": 500, ""number_of_tries"": 10, ""percent_to_visualize"": 100 }"	False	trainig_log
136	65.51	168372.0	3.0940185646347924	gaussian.npy	combined	8	1	d	"{""ftol"": 1e-6,""gtol"": 1e-6,""maxiter"": 15000,""maxcor"": 10}"	"{ ""sample_size"": 500, ""number_of_tries"": 10, ""percent_to_visualize"": 100 }"	False	trainig_log
137	83.14	168744.0	3.0357298059879763	gaussian.npy	combined	10	1	d	"{""ftol"": 1e-6,""gtol"": 1e-6,""maxiter"": 15000,""maxcor"": 10}"	"{ ""sample_size"": 500, ""number_of_tries"": 10, ""percent_to_visualize"": 100 }"	False	trainig_log
138	98.6	168152.0	3.0145131055432715	gaussian.npy	combined	12	1	d	"{""ftol"": 1e-6,""gtol"": 1e-6,""maxiter"": 15000,""maxcor"": 10}"	"{ ""sample_size"": 500, ""number_of_tries"": 10, ""percent_to_visualize"": 100 }"	False	trainig_log
139	123.01	168416.0	3.008036468130745	gaussian.npy	combined	14	1	d	"{""ftol"": 1e-6,""gtol"": 1e-6,""maxiter"": 15000,""maxcor"": 10}"	"{ ""sample_size"": 500, ""number_of_tries"": 10, ""percent_to_visualize"": 100 }"	False	trainig_log
140	116.73	168548.0	3.1045846010324185	gaussian.npy	combined	16	1	d	"{""ftol"": 1e-6,""gtol"": 1e-6,""maxiter"": 15000,""maxcor"": 10}"	"{ ""sample_size"": 500, ""number_of_tries"": 10, ""percent_to_visualize"": 100 }"	False	trainig_log
141	55.26	168464.0	3.0147452032769384	gaussian.npy	combined	18	1	d	"{""ftol"": 1e-6,""gtol"": 1e-6,""maxiter"": 15000,""maxcor"": 10}"	"{ ""sample_size"": 500, ""number_of_tries"": 10, ""percent_to_visualize"": 100 }"	False	trainig_log
142	94.87	168724.0	3.0107478944136075	gaussian.npy	combined	20	1	d	"{""ftol"": 1e-6,""gtol"": 1e-6,""maxiter"": 15000,""maxcor"": 10}"	"{ ""sample_size"": 500, ""number_of_tries"": 10, ""percent_to_visualize"": 100 }"	False	trainig_log
143	156.15	168900.0	3.0370971069509207	gaussian.npy	combined	22	1	d	"{""ftol"": 1e-6,""gtol"": 1e-6,""maxiter"": 15000,""maxcor"": 10}"	"{ ""sample_size"": 500, ""number_of_tries"": 10, ""percent_to_visualize"": 100 }"	False	trainig_log
144	82.24	168484.0	3.0036307814263137	gaussian.npy	combined	24	1	d	"{""ftol"": 1e-6,""gtol"": 1e-6,""maxiter"": 15000,""maxcor"": 10}"	"{ ""sample_size"": 500, ""number_of_tries"": 10, ""percent_to_visualize"": 100 }"	False	trainig_log
145	114.54	167872.0	3.0084467580150864	gaussian.npy	combined	26	1	d	"{""ftol"": 1e-6,""gtol"": 1e-6,""maxiter"": 15000,""maxcor"": 10}"	"{ ""sample_size"": 500, ""number_of_tries"": 10, ""percent_to_visualize"": 100 }"	False	trainig_log
146	430.74	168628.0	3.0518840964451903	gaussian.npy	combined	28	1	d	"{""ftol"": 1e-6,""gtol"": 1e-6,""maxiter"": 15000,""maxcor"": 10}"	"{ ""sample_size"": 500, ""number_of_tries"": 10, ""percent_to_visualize"": 100 }"	False	trainig_log
147	290.99	168596.0	3.0510040521723405	gaussian.npy	combined	30	1	d	"{""ftol"": 1e-6,""gtol"": 1e-6,""maxiter"": 15000,""maxcor"": 10}"	"{ ""sample_size"": 500, ""number_of_tries"": 10, ""percent_to_visualize"": 100 }"	False	trainig_log
148	263.38	168472.0	2.998324136750663	gaussian.npy	combined	32	1	d	"{""ftol"": 1e-6,""gtol"": 1e-6,""maxiter"": 15000,""maxcor"": 10}"	"{ ""sample_size"": 500, ""number_of_tries"": 10, ""percent_to_visualize"": 100 }"	False	trainig_log
149	561.4	168720.0	3.014609408720602	gaussian.npy	combined	34	1	d	"{""ftol"": 1e-6,""gtol"": 1e-6,""maxiter"": 15000,""maxcor"": 10}"	"{ ""sample_size"": 500, ""number_of_tries"": 10, ""percent_to_visualize"": 100 }"	False	trainig_log
150	553.76	168496.0	2.9990466678604197	gaussian.npy	combined	36	1	d	"{""ftol"": 1e-6,""gtol"": 1e-6,""maxiter"": 15000,""maxcor"": 10}"	"{ ""sample_size"": 500, ""number_of_tries"": 10, ""percent_to_visualize"": 100 }"	False	trainig_log
151	595.25	168924.0	3.011349667328267	gaussian.npy	combined	38	1	d	"{""ftol"": 1e-6,""gtol"": 1e-6,""maxiter"": 15000,""maxcor"": 10}"	"{ ""sample_size"": 500, ""number_of_tries"": 10, ""percent_to_visualize"": 100 }"	False	trainig_log
152	673.95	168368.0	3.1024894295292214	gaussian.npy	combined	40	1	d	"{""ftol"": 1e-6,""gtol"": 1e-6,""maxiter"": 15000,""maxcor"": 10}"	"{ ""sample_size"": 500, ""number_of_tries"": 10, ""percent_to_visualize"": 100 }"	False	trainig_log
153	476.88	168696.0	3.01193201721022	gaussian.npy	combined	42	1	d	"{""ftol"": 1e-6,""gtol"": 1e-6,""maxiter"": 15000,""maxcor"": 10}"	"{ ""sample_size"": 500, ""number_of_tries"": 10, ""percent_to_visualize"": 100 }"	False	trainig_log
154	732.09	168072.0	2.9998122317672635	gaussian.npy	combined	44	1	d	"{""ftol"": 1e-6,""gtol"": 1e-6,""maxiter"": 15000,""maxcor"": 10}"	"{ ""sample_size"": 500, ""number_of_tries"": 10, ""percent_to_visualize"": 100 }"	False	trainig_log
155	8.3	168308.0	4.317603069154647	bimodal.npy	chain	2	1	d	"{""ftol"": 1e-6,""gtol"": 1e-6,""maxiter"": 15000,""maxcor"": 10}"	"{ ""sample_size"": 1000, ""number_of_tries"": 10, ""percent_to_visualize"": 100 }"	False	trainig_log
156	17.63	168736.0	3.960595954837719	bimodal.npy	chain	4	1	d	"{""ftol"": 1e-6,""gtol"": 1e-6,""maxiter"": 15000,""maxcor"": 10}"	"{ ""sample_size"": 1000, ""number_of_tries"": 10, ""percent_to_visualize"": 100 }"	False	trainig_log
157	33.0	168292.0	3.9414696804401155	bimodal.npy	chain	6	1	d	"{""ftol"": 1e-6,""gtol"": 1e-6,""maxiter"": 15000,""maxcor"": 10}"	"{ ""sample_size"": 1000, ""number_of_tries"": 10, ""percent_to_visualize"": 100 }"	False	trainig_log
158	13.82	168028.0	3.9286750244226303	bimodal.npy	chain	8	1	d	"{""ftol"": 1e-6,""gtol"": 1e-6,""maxiter"": 15000,""maxcor"": 10}"	"{ ""sample_size"": 1000, ""number_of_tries"": 10, ""percent_to_visualize"": 100 }"	False	trainig_log
159	12.79	168660.0	4.081817864725885	bimodal.npy	chain	10	1	d	"{""ftol"": 1e-6,""gtol"": 1e-6,""maxiter"": 15000,""maxcor"": 10}"	"{ ""sample_size"": 1000, ""number_of_tries"": 10, ""percent_to_visualize"": 100 }"	False	trainig_log
160	47.99	168544.0	4.924305355072692	bimodal.npy	chain	12	1	d	"{""ftol"": 1e-6,""gtol"": 1e-6,""maxiter"": 15000,""maxcor"": 10}"	"{ ""sample_size"": 1000, ""number_of_tries"": 10, ""percent_to_visualize"": 100 }"	False	trainig_log
161	52.58	168512.0	6.9125021349142575	bimodal.npy	chain	14	1	d	"{""ftol"": 1e-6,""gtol"": 1e-6,""maxiter"": 15000,""maxcor"": 10}"	"{ ""sample_size"": 1000, ""number_of_tries"": 10, ""percent_to_visualize"": 100 }"	False	trainig_log
162	80.47	168448.0	11.619912699542455	bimodal.npy	chain	16	1	d	"{""ftol"": 1e-6,""gtol"": 1e-6,""maxiter"": 15000,""maxcor"": 10}"	"{ ""sample_size"": 1000, ""number_of_tries"": 10, ""percent_to_visualize"": 100 }"	False	trainig_log
163	67.94	168448.0	17.24177765940119	bimodal.npy	chain	18	1	d	"{""ftol"": 1e-6,""gtol"": 1e-6,""maxiter"": 15000,""maxcor"": 10}"	"{ ""sample_size"": 1000, ""number_of_tries"": 10, ""percent_to_visualize"": 100 }"	False	trainig_log
164	35.34	168152.0	21.617898334133507	bimodal.npy	chain	20	1	d	"{""ftol"": 1e-6,""gtol"": 1e-6,""maxiter"": 15000,""maxcor"": 10}"	"{ ""sample_size"": 1000, ""number_of_tries"": 10, ""percent_to_visualize"": 100 }"	False	trainig_log
165	60.68	168244.0	23.677556048453074	bimodal.npy	chain	22	1	d	"{""ftol"": 1e-6,""gtol"": 1e-6,""maxiter"": 15000,""maxcor"": 10}"	"{ ""sample_size"": 1000, ""number_of_tries"": 10, ""percent_to_visualize"": 100 }"	False	trainig_log
166	27.34	168316.0	24.29982726313988	bimodal.npy	chain	24	1	d	"{""ftol"": 1e-6,""gtol"": 1e-6,""maxiter"": 15000,""maxcor"": 10}"	"{ ""sample_size"": 1000, ""number_of_tries"": 10, ""percent_to_visualize"": 100 }"	False	trainig_log
167	28.07	168324.0	24.56483783169006	bimodal.npy	chain	26	1	d	"{""ftol"": 1e-6,""gtol"": 1e-6,""maxiter"": 15000,""maxcor"": 10}"	"{ ""sample_size"": 1000, ""number_of_tries"": 10, ""percent_to_visualize"": 100 }"	False	trainig_log
168	39.67	168148.0	24.60413983501907	bimodal.npy	chain	28	1	d	"{""ftol"": 1e-6,""gtol"": 1e-6,""maxiter"": 15000,""maxcor"": 10}"	"{ ""sample_size"": 1000, ""number_of_tries"": 10, ""percent_to_visualize"": 100 }"	False	trainig_log
169	14.12	168496.0	4.317467675864221	bimodal.npy	combined	2	1	d	"{""ftol"": 1e-6,""gtol"": 1e-6,""maxiter"": 15000,""maxcor"": 10}"	"{ ""sample_size"": 1000, ""number_of_tries"": 10, ""percent_to_visualize"": 100 }"	False	trainig_log
170	40.09	168688.0	3.960850624518807	bimodal.npy	combined	4	1	d	"{""ftol"": 1e-6,""gtol"": 1e-6,""maxiter"": 15000,""maxcor"": 10}"	"{ ""sample_size"": 1000, ""number_of_tries"": 10, ""percent_to_visualize"": 100 }"	False	trainig_log
171	62.22	168412.0	3.946702085214421	bimodal.npy	combined	6	1	d	"{""ftol"": 1e-6,""gtol"": 1e-6,""maxiter"": 15000,""maxcor"": 10}"	"{ ""sample_size"": 1000, ""number_of_tries"": 10, ""percent_to_visualize"": 100 }"	False	trainig_log
172	63.89	168644.0	3.9288636537046275	bimodal.npy	combined	8	1	d	"{""ftol"": 1e-6,""gtol"": 1e-6,""maxiter"": 15000,""maxcor"": 10}"	"{ ""sample_size"": 1000, ""number_of_tries"": 10, ""percent_to_visualize"": 100 }"	False	trainig_log
173	105.16	168440.0	3.947013772404357	bimodal.npy	combined	10	1	d	"{""ftol"": 1e-6,""gtol"": 1e-6,""maxiter"": 15000,""maxcor"": 10}"	"{ ""sample_size"": 1000, ""number_of_tries"": 10, ""percent_to_visualize"": 100 }"	False	trainig_log
174	92.23	168576.0	3.8293875865209652	bimodal.npy	combined	12	1	d	"{""ftol"": 1e-6,""gtol"": 1e-6,""maxiter"": 15000,""maxcor"": 10}"	"{ ""sample_size"": 1000, ""number_of_tries"": 10, ""percent_to_visualize"": 100 }"	False	trainig_log
175	304.2	168560.0	3.6855582985193887	bimodal.npy	combined	14	1	d	"{""ftol"": 1e-6,""gtol"": 1e-6,""maxiter"": 15000,""maxcor"": 10}"	"{ ""sample_size"": 1000, ""number_of_tries"": 10, ""percent_to_visualize"": 100 }"	False	trainig_log
176	203.86	168404.0	3.69926551211405	bimodal.npy	combined	16	1	d	"{""ftol"": 1e-6,""gtol"": 1e-6,""maxiter"": 15000,""maxcor"": 10}"	"{ ""sample_size"": 1000, ""number_of_tries"": 10, ""percent_to_visualize"": 100 }"	False	trainig_log
177	311.72	168656.0	3.562929585206001	bimodal.npy	combined	18	1	d	"{""ftol"": 1e-6,""gtol"": 1e-6,""maxiter"": 15000,""maxcor"": 10}"	"{ ""sample_size"": 1000, ""number_of_tries"": 10, ""percent_to_visualize"": 100 }"	False	trainig_log
178	257.27	168116.0	3.5410636825028097	bimodal.npy	combined	20	1	d	"{""ftol"": 1e-6,""gtol"": 1e-6,""maxiter"": 15000,""maxcor"": 10}"	"{ ""sample_size"": 1000, ""number_of_tries"": 10, ""percent_to_visualize"": 100 }"	False	trainig_log
179	512.94	168704.0	3.496425513546288	bimodal.npy	combined	22	1	d	"{""ftol"": 1e-6,""gtol"": 1e-6,""maxiter"": 15000,""maxcor"": 10}"	"{ ""sample_size"": 1000, ""number_of_tries"": 10, ""percent_to_visualize"": 100 }"	False	trainig_log
180	809.37	168664.0	3.4704099487444213	bimodal.npy	combined	24	1	d	"{""ftol"": 1e-6,""gtol"": 1e-6,""maxiter"": 15000,""maxcor"": 10}"	"{ ""sample_size"": 1000, ""number_of_tries"": 10, ""percent_to_visualize"": 100 }"	False	trainig_log
181	400.6	168540.0	3.453174190875996	bimodal.npy	combined	26	1	d	"{""ftol"": 1e-6,""gtol"": 1e-6,""maxiter"": 15000,""maxcor"": 10}"	"{ ""sample_size"": 1000, ""number_of_tries"": 10, ""percent_to_visualize"": 100 }"	False	trainig_log
182	792.96	168192.0	3.4527633040302437	bimodal.npy	combined	28	1	d	"{""ftol"": 1e-6,""gtol"": 1e-6,""maxiter"": 15000,""maxcor"": 10}"	"{ ""sample_size"": 1000, ""number_of_tries"": 10, ""percent_to_visualize"": 100 }"	False	trainig_log
183	464.27	168900.0	3.4500689778764584	bimodal.npy	combined	30	1	d	"{""ftol"": 1e-6,""gtol"": 1e-6,""maxiter"": 15000,""maxcor"": 10}"	"{ ""sample_size"": 1000, ""number_of_tries"": 10, ""percent_to_visualize"": 100 }"	False	trainig_log
184	568.94	168288.0	3.4498935041274144	bimodal.npy	combined	32	1	d	"{""ftol"": 1e-6,""gtol"": 1e-6,""maxiter"": 15000,""maxcor"": 10}"	"{ ""sample_size"": 1000, ""number_of_tries"": 10, ""percent_to_visualize"": 100 }"	False	trainig_log
185	6.38	168436.0	46.05170185988091	far_gaussian.npy	chain	2	1	d	"{""ftol"": 1e-6,""gtol"": 1e-6,""maxiter"": 15000,""maxcor"": 10}"	"{ ""sample_size"": 500, ""number_of_tries"": 10, ""percent_to_visualize"": 100 }"	True	trainig_log
186	7.05	167892.0	46.05170185988091	far_gaussian.npy	chain	4	1	d	"{""ftol"": 1e-6,""gtol"": 1e-6,""maxiter"": 15000,""maxcor"": 10}"	"{ ""sample_size"": 500, ""number_of_tries"": 10, ""percent_to_visualize"": 100 }"	True	trainig_log
187	8.17	168676.0	46.05170185988091	far_gaussian.npy	chain	6	1	d	"{""ftol"": 1e-6,""gtol"": 1e-6,""maxiter"": 15000,""maxcor"": 10}"	"{ ""sample_size"": 500, ""number_of_tries"": 10, ""percent_to_visualize"": 100 }"	True	trainig_log
188	8.07	168948.0	46.05170185988091	far_gaussian.npy	chain	8	1	d	"{""ftol"": 1e-6,""gtol"": 1e-6,""maxiter"": 15000,""maxcor"": 10}"	"{ ""sample_size"": 500, ""number_of_tries"": 10, ""percent_to_visualize"": 100 }"	True	trainig_log
189	7.09	167996.0	46.05170185988091	far_gaussian.npy	chain	10	1	d	"{""ftol"": 1e-6,""gtol"": 1e-6,""maxiter"": 15000,""maxcor"": 10}"	"{ ""sample_size"": 500, ""number_of_tries"": 10, ""percent_to_visualize"": 100 }"	True	trainig_log
190	8.88	168772.0	46.05170185988091	far_gaussian.npy	chain	12	1	d	"{""ftol"": 1e-6,""gtol"": 1e-6,""maxiter"": 15000,""maxcor"": 10}"	"{ ""sample_size"": 500, ""number_of_tries"": 10, ""percent_to_visualize"": 100 }"	True	trainig_log
191	7.98	168628.0	46.05170185988091	far_gaussian.npy	chain	14	1	d	"{""ftol"": 1e-6,""gtol"": 1e-6,""maxiter"": 15000,""maxcor"": 10}"	"{ ""sample_size"": 500, ""number_of_tries"": 10, ""percent_to_visualize"": 100 }"	True	trainig_log
192	9.11	168684.0	46.05170185988091	far_gaussian.npy	chain	16	1	d	"{""ftol"": 1e-6,""gtol"": 1e-6,""maxiter"": 15000,""maxcor"": 10}"	"{ ""sample_size"": 500, ""number_of_tries"": 10, ""percent_to_visualize"": 100 }"	True	trainig_log
193	8.98	168508.0	46.05170185988091	far_gaussian.npy	chain	18	1	d	"{""ftol"": 1e-6,""gtol"": 1e-6,""maxiter"": 15000,""maxcor"": 10}"	"{ ""sample_size"": 500, ""number_of_tries"": 10, ""percent_to_visualize"": 100 }"	True	trainig_log
194	11.68	168516.0	46.05170185988091	far_gaussian.npy	chain	20	1	d	"{""ftol"": 1e-6,""gtol"": 1e-6,""maxiter"": 15000,""maxcor"": 10}"	"{ ""sample_size"": 500, ""number_of_tries"": 10, ""percent_to_visualize"": 100 }"	True	trainig_log
195	9.0	168212.0	46.05170185988091	far_gaussian.npy	chain	22	1	d	"{""ftol"": 1e-6,""gtol"": 1e-6,""maxiter"": 15000,""maxcor"": 10}"	"{ ""sample_size"": 500, ""number_of_tries"": 10, ""percent_to_visualize"": 100 }"	True	trainig_log
196	6.26	168768.0	46.051701859880886	far_gaussian.npy	chain	24	1	d	"{""ftol"": 1e-6,""gtol"": 1e-6,""maxiter"": 15000,""maxcor"": 10}"	"{ ""sample_size"": 500, ""number_of_tries"": 10, ""percent_to_visualize"": 100 }"	True	trainig_log
197	10.52	168556.0	46.05170185986032	far_gaussian.npy	chain	26	1	d	"{""ftol"": 1e-6,""gtol"": 1e-6,""maxiter"": 15000,""maxcor"": 10}"	"{ ""sample_size"": 500, ""number_of_tries"": 10, ""percent_to_visualize"": 100 }"	True	trainig_log
198	11.43	168048.0	46.051701859846936	far_gaussian.npy	chain	28	1	d	"{""ftol"": 1e-6,""gtol"": 1e-6,""maxiter"": 15000,""maxcor"": 10}"	"{ ""sample_size"": 500, ""number_of_tries"": 10, ""percent_to_visualize"": 100 }"	True	trainig_log
199	10.61	168684.0	46.051701816360094	far_gaussian.npy	chain	30	1	d	"{""ftol"": 1e-6,""gtol"": 1e-6,""maxiter"": 15000,""maxcor"": 10}"	"{ ""sample_size"": 500, ""number_of_tries"": 10, ""percent_to_visualize"": 100 }"	True	trainig_log
200	6.0	168608.0	46.05170185988091	far_gaussian.npy	chain	2	1	d	"{""ftol"": 1e-6,""gtol"": 1e-6,""maxiter"": 15000,""maxcor"": 10}"	"{ ""sample_size"": 500, ""number_of_tries"": 10, ""percent_to_visualize"": 100 }"	False	trainig_log
201	8.46	168496.0	46.05170185988091	far_gaussian.npy	chain	4	1	d	"{""ftol"": 1e-6,""gtol"": 1e-6,""maxiter"": 15000,""maxcor"": 10}"	"{ ""sample_size"": 500, ""number_of_tries"": 10, ""percent_to_visualize"": 100 }"	False	trainig_log
202	7.18	168632.0	46.05170185988091	far_gaussian.npy	chain	6	1	d	"{""ftol"": 1e-6,""gtol"": 1e-6,""maxiter"": 15000,""maxcor"": 10}"	"{ ""sample_size"": 500, ""number_of_tries"": 10, ""percent_to_visualize"": 100 }"	False	trainig_log
203	6.53	168688.0	46.05170185988091	far_gaussian.npy	chain	8	1	d	"{""ftol"": 1e-6,""gtol"": 1e-6,""maxiter"": 15000,""maxcor"": 10}"	"{ ""sample_size"": 500, ""number_of_tries"": 10, ""percent_to_visualize"": 100 }"	False	trainig_log
204	6.67	168596.0	46.05170185988091	far_gaussian.npy	chain	10	1	d	"{""ftol"": 1e-6,""gtol"": 1e-6,""maxiter"": 15000,""maxcor"": 10}"	"{ ""sample_size"": 500, ""number_of_tries"": 10, ""percent_to_visualize"": 100 }"	False	trainig_log
205	6.88	168260.0	46.05170185988091	far_gaussian.npy	chain	12	1	d	"{""ftol"": 1e-6,""gtol"": 1e-6,""maxiter"": 15000,""maxcor"": 10}"	"{ ""sample_size"": 500, ""number_of_tries"": 10, ""percent_to_visualize"": 100 }"	False	trainig_log
206	9.16	169064.0	46.05170185988091	far_gaussian.npy	chain	14	1	d	"{""ftol"": 1e-6,""gtol"": 1e-6,""maxiter"": 15000,""maxcor"": 10}"	"{ ""sample_size"": 500, ""number_of_tries"": 10, ""percent_to_visualize"": 100 }"	False	trainig_log
207	8.35	168888.0	46.05170185988091	far_gaussian.npy	chain	16	1	d	"{""ftol"": 1e-6,""gtol"": 1e-6,""maxiter"": 15000,""maxcor"": 10}"	"{ ""sample_size"": 500, ""number_of_tries"": 10, ""percent_to_visualize"": 100 }"	False	trainig_log
208	10.84	168724.0	46.05170185988091	far_gaussian.npy	chain	18	1	d	"{""ftol"": 1e-6,""gtol"": 1e-6,""maxiter"": 15000,""maxcor"": 10}"	"{ ""sample_size"": 500, ""number_of_tries"": 10, ""percent_to_visualize"": 100 }"	False	trainig_log
209	9.19	168112.0	46.05170185988091	far_gaussian.npy	chain	20	1	d	"{""ftol"": 1e-6,""gtol"": 1e-6,""maxiter"": 15000,""maxcor"": 10}"	"{ ""sample_size"": 500, ""number_of_tries"": 10, ""percent_to_visualize"": 100 }"	False	trainig_log
210	8.7	168880.0	46.05170185988091	far_gaussian.npy	chain	22	1	d	"{""ftol"": 1e-6,""gtol"": 1e-6,""maxiter"": 15000,""maxcor"": 10}"	"{ ""sample_size"": 500, ""number_of_tries"": 10, ""percent_to_visualize"": 100 }"	False	trainig_log
211	11.23	168616.0	46.051701859880865	far_gaussian.npy	chain	24	1	d	"{""ftol"": 1e-6,""gtol"": 1e-6,""maxiter"": 15000,""maxcor"": 10}"	"{ ""sample_size"": 500, ""number_of_tries"": 10, ""percent_to_visualize"": 100 }"	False	trainig_log
212	10.74	168288.0	46.051701859880616	far_gaussian.npy	chain	26	1	d	"{""ftol"": 1e-6,""gtol"": 1e-6,""maxiter"": 15000,""maxcor"": 10}"	"{ ""sample_size"": 500, ""number_of_tries"": 10, ""percent_to_visualize"": 100 }"	False	trainig_log
213	10.01	168768.0	46.05170185966558	far_gaussian.npy	chain	28	1	d	"{""ftol"": 1e-6,""gtol"": 1e-6,""maxiter"": 15000,""maxcor"": 10}"	"{ ""sample_size"": 500, ""number_of_tries"": 10, ""percent_to_visualize"": 100 }"	False	trainig_log
214	9.73	168860.0	46.05170185596496	far_gaussian.npy	chain	30	1	d	"{""ftol"": 1e-6,""gtol"": 1e-6,""maxiter"": 15000,""maxcor"": 10}"	"{ ""sample_size"": 500, ""number_of_tries"": 10, ""percent_to_visualize"": 100 }"	False	trainig_log
215	13.37	168552.0	46.051701854164286	far_gaussian.npy	chain	32	1	d	"{""ftol"": 1e-6,""gtol"": 1e-6,""maxiter"": 15000,""maxcor"": 10}"	"{ ""sample_size"": 500, ""number_of_tries"": 10, ""percent_to_visualize"": 100 }"	False	trainig_log
216	6.28	167912.0	3.3377246754751417	uniform.npy	chain	2	1	d	"{""ftol"": 1e-6,""gtol"": 1e-6,""maxiter"": 15000,""maxcor"": 10}"	"{ ""sample_size"": 20, ""number_of_tries"": 10, ""percent_to_visualize"": 100 }"	False	trainig_log
217	10.63	167916.0	7.388167752851032	uniform.npy	chain	4	1	d	"{""ftol"": 1e-6,""gtol"": 1e-6,""maxiter"": 15000,""maxcor"": 10}"	"{ ""sample_size"": 20, ""number_of_tries"": 10, ""percent_to_visualize"": 100 }"	False	trainig_log
218	14.56	167928.0	11.617373390656734	uniform.npy	chain	6	1	d	"{""ftol"": 1e-6,""gtol"": 1e-6,""maxiter"": 15000,""maxcor"": 10}"	"{ ""sample_size"": 20, ""number_of_tries"": 10, ""percent_to_visualize"": 100 }"	False	trainig_log
219	16.29	168200.0	15.881385726319987	uniform.npy	chain	8	1	d	"{""ftol"": 1e-6,""gtol"": 1e-6,""maxiter"": 15000,""maxcor"": 10}"	"{ ""sample_size"": 20, ""number_of_tries"": 10, ""percent_to_visualize"": 100 }"	False	trainig_log
220	15.11	168000.0	20.039994348512394	uniform.npy	chain	10	1	d	"{""ftol"": 1e-6,""gtol"": 1e-6,""maxiter"": 15000,""maxcor"": 10}"	"{ ""sample_size"": 20, ""number_of_tries"": 10, ""percent_to_visualize"": 100 }"	False	trainig_log
221	12.74	167928.0	24.307537948541636	uniform.npy	chain	12	1	d	"{""ftol"": 1e-6,""gtol"": 1e-6,""maxiter"": 15000,""maxcor"": 10}"	"{ ""sample_size"": 20, ""number_of_tries"": 10, ""percent_to_visualize"": 100 }"	False	trainig_log
222	12.72	168204.0	28.55990240950677	uniform.npy	chain	14	1	d	"{""ftol"": 1e-6,""gtol"": 1e-6,""maxiter"": 15000,""maxcor"": 10}"	"{ ""sample_size"": 20, ""number_of_tries"": 10, ""percent_to_visualize"": 100 }"	False	trainig_log
223	12.83	168036.0	32.845496034987036	uniform.npy	chain	16	1	d	"{""ftol"": 1e-6,""gtol"": 1e-6,""maxiter"": 15000,""maxcor"": 10}"	"{ ""sample_size"": 20, ""number_of_tries"": 10, ""percent_to_visualize"": 100 }"	False	trainig_log
224	15.89	167932.0	37.148703083216255	uniform.npy	chain	18	1	d	"{""ftol"": 1e-6,""gtol"": 1e-6,""maxiter"": 15000,""maxcor"": 10}"	"{ ""sample_size"": 20, ""number_of_tries"": 10, ""percent_to_visualize"": 100 }"	False	trainig_log
225	19.36	167512.0	41.532701290600684	uniform.npy	chain	20	1	d	"{""ftol"": 1e-6,""gtol"": 1e-6,""maxiter"": 15000,""maxcor"": 10}"	"{ ""sample_size"": 20, ""number_of_tries"": 10, ""percent_to_visualize"": 100 }"	False	trainig_log
226	8.41	167536.0	46.05170185988092	uniform.npy	chain	22	1	d	"{""ftol"": 1e-6,""gtol"": 1e-6,""maxiter"": 15000,""maxcor"": 10}"	"{ ""sample_size"": 20, ""number_of_tries"": 10, ""percent_to_visualize"": 100 }"	False	trainig_log
227	8.41	167768.0	46.05170185988092	uniform.npy	chain	24	1	d	"{""ftol"": 1e-6,""gtol"": 1e-6,""maxiter"": 15000,""maxcor"": 10}"	"{ ""sample_size"": 20, ""number_of_tries"": 10, ""percent_to_visualize"": 100 }"	False	trainig_log
228	10.18	167596.0	46.05170185988092	uniform.npy	chain	26	1	d	"{""ftol"": 1e-6,""gtol"": 1e-6,""maxiter"": 15000,""maxcor"": 10}"	"{ ""sample_size"": 20, ""number_of_tries"": 10, ""percent_to_visualize"": 100 }"	False	trainig_log
229	9.19	167844.0	46.05170185988092	uniform.npy	chain	28	1	d	"{""ftol"": 1e-6,""gtol"": 1e-6,""maxiter"": 15000,""maxcor"": 10}"	"{ ""sample_size"": 20, ""number_of_tries"": 10, ""percent_to_visualize"": 100 }"	False	trainig_log
230	10.93	168076.0	46.05170185988092	uniform.npy	chain	30	1	d	"{""ftol"": 1e-6,""gtol"": 1e-6,""maxiter"": 15000,""maxcor"": 10}"	"{ ""sample_size"": 20, ""number_of_tries"": 10, ""percent_to_visualize"": 100 }"	False	trainig_log
231	7.14	167832.0	46.05170185988091	bimodal.npy	escape_chain	2	1	d	"{""ftol"": 1e-6,""gtol"": 1e-6,""maxiter"": 15000,""maxcor"": 10}"	"{ ""sample_size"": 1000, ""number_of_tries"": 10, ""percent_to_visualize"": 100 }"	False	trainig_log
232	6.28	168452.0	46.05170185988091	bimodal.npy	escape_chain	4	1	d	"{""ftol"": 1e-6,""gtol"": 1e-6,""maxiter"": 15000,""maxcor"": 10}"	"{ ""sample_size"": 1000, ""number_of_tries"": 10, ""percent_to_visualize"": 100 }"	False	trainig_log
233	7.18	168516.0	46.05170185988091	bimodal.npy	escape_chain	6	1	d	"{""ftol"": 1e-6,""gtol"": 1e-6,""maxiter"": 15000,""maxcor"": 10}"	"{ ""sample_size"": 1000, ""number_of_tries"": 10, ""percent_to_visualize"": 100 }"	False	trainig_log
234	5.47	168036.0	45.95960912270576	bimodal.npy	escape_chain	8	1	d	"{""ftol"": 1e-6,""gtol"": 1e-6,""maxiter"": 15000,""maxcor"": 10}"	"{ ""sample_size"": 1000, ""number_of_tries"": 10, ""percent_to_visualize"": 100 }"	False	trainig_log
235	12.5	168880.0	45.4638642205022	bimodal.npy	escape_chain	10	1	d	"{""ftol"": 1e-6,""gtol"": 1e-6,""maxiter"": 15000,""maxcor"": 10}"	"{ ""sample_size"": 1000, ""number_of_tries"": 10, ""percent_to_visualize"": 100 }"	False	trainig_log
236	11.12	168836.0	44.2311711566572	bimodal.npy	escape_chain	12	1	d	"{""ftol"": 1e-6,""gtol"": 1e-6,""maxiter"": 15000,""maxcor"": 10}"	"{ ""sample_size"": 1000, ""number_of_tries"": 10, ""percent_to_visualize"": 100 }"	False	trainig_log
237	34.23	168240.0	40.84814274805328	bimodal.npy	escape_chain	14	1	d	"{""ftol"": 1e-6,""gtol"": 1e-6,""maxiter"": 15000,""maxcor"": 10}"	"{ ""sample_size"": 1000, ""number_of_tries"": 10, ""percent_to_visualize"": 100 }"	False	trainig_log
238	49.15	168376.0	35.036141117593104	bimodal.npy	escape_chain	16	1	d	"{""ftol"": 1e-6,""gtol"": 1e-6,""maxiter"": 15000,""maxcor"": 10}"	"{ ""sample_size"": 1000, ""number_of_tries"": 10, ""percent_to_visualize"": 100 }"	False	trainig_log
239	80.29	168612.0	29.694612692718955	bimodal.npy	escape_chain	18	1	d	"{""ftol"": 1e-6,""gtol"": 1e-6,""maxiter"": 15000,""maxcor"": 10}"	"{ ""sample_size"": 1000, ""number_of_tries"": 10, ""percent_to_visualize"": 100 }"	False	trainig_log
240	92.55	168752.0	26.365463708544787	bimodal.npy	escape_chain	20	1	d	"{""ftol"": 1e-6,""gtol"": 1e-6,""maxiter"": 15000,""maxcor"": 10}"	"{ ""sample_size"": 1000, ""number_of_tries"": 10, ""percent_to_visualize"": 100 }"	False	trainig_log
241	30.43	168284.0	24.93879098943645	bimodal.npy	escape_chain	22	1	d	"{""ftol"": 1e-6,""gtol"": 1e-6,""maxiter"": 15000,""maxcor"": 10}"	"{ ""sample_size"": 1000, ""number_of_tries"": 10, ""percent_to_visualize"": 100 }"	False	trainig_log
242	84.44	168428.0	24.41552006663646	bimodal.npy	escape_chain	24	1	d	"{""ftol"": 1e-6,""gtol"": 1e-6,""maxiter"": 15000,""maxcor"": 10}"	"{ ""sample_size"": 1000, ""number_of_tries"": 10, ""percent_to_visualize"": 100 }"	False	trainig_log
243	67.04	168208.0	24.253629399173217	bimodal.npy	escape_chain	26	1	d	"{""ftol"": 1e-6,""gtol"": 1e-6,""maxiter"": 15000,""maxcor"": 10}"	"{ ""sample_size"": 1000, ""number_of_tries"": 10, ""percent_to_visualize"": 100 }"	False	trainig_log
244	80.07	168648.0	24.21327315761138	bimodal.npy	escape_chain	28	1	d	"{""ftol"": 1e-6,""gtol"": 1e-6,""maxiter"": 15000,""maxcor"": 10}"	"{ ""sample_size"": 1000, ""number_of_tries"": 10, ""percent_to_visualize"": 100 }"	False	trainig_log
245	174.19	180312.0	7.1911978868701505	drosophila_melanogaster_genes_exons.bed	combined	2	20	i	"{""ftol"": 1e-6,""gtol"": 1e-6,""maxiter"": 15000,""maxcor"": 10}"	"{ ""sample_size"": 2000, ""number_of_tries"": 10, ""percent_to_visualize"": 95 }"	True	trainig_log
246	707.3	180484.0	7.068284464148526	drosophila_melanogaster_genes_exons.bed	combined	4	20	i	"{""ftol"": 1e-6,""gtol"": 1e-6,""maxiter"": 15000,""maxcor"": 10}"	"{ ""sample_size"": 2000, ""number_of_tries"": 10, ""percent_to_visualize"": 95 }"	True	trainig_log
247	780.26	180208.0	7.139891661719432	drosophila_melanogaster_genes_exons.bed	combined	6	20	i	"{""ftol"": 1e-6,""gtol"": 1e-6,""maxiter"": 15000,""maxcor"": 10}"	"{ ""sample_size"": 2000, ""number_of_tries"": 10, ""percent_to_visualize"": 95 }"	True	trainig_log
248	1698.35	180256.0	7.051292165845815	drosophila_melanogaster_genes_exons.bed	combined	8	20	i	"{""ftol"": 1e-6,""gtol"": 1e-6,""maxiter"": 15000,""maxcor"": 10}"	"{ ""sample_size"": 2000, ""number_of_tries"": 10, ""percent_to_visualize"": 95 }"	True	trainig_log
249	1935.27	180576.0	7.052460570147991	drosophila_melanogaster_genes_exons.bed	combined	10	20	i	"{""ftol"": 1e-6,""gtol"": 1e-6,""maxiter"": 15000,""maxcor"": 10}"	"{ ""sample_size"": 2000, ""number_of_tries"": 10, ""percent_to_visualize"": 95 }"	True	trainig_log
250	2012.63	180492.0	7.0493259526884815	drosophila_melanogaster_genes_exons.bed	combined	12	20	i	"{""ftol"": 1e-6,""gtol"": 1e-6,""maxiter"": 15000,""maxcor"": 10}"	"{ ""sample_size"": 2000, ""number_of_tries"": 10, ""percent_to_visualize"": 95 }"	True	trainig_log
251	1914.35	180016.0	7.046139729599086	drosophila_melanogaster_genes_exons.bed	combined	14	20	i	"{""ftol"": 1e-6,""gtol"": 1e-6,""maxiter"": 15000,""maxcor"": 10}"	"{ ""sample_size"": 2000, ""number_of_tries"": 10, ""percent_to_visualize"": 95 }"	True	trainig_log
252	1887.78	180152.0	7.134029166995648	drosophila_melanogaster_genes_exons.bed	combined	16	20	i	"{""ftol"": 1e-6,""gtol"": 1e-6,""maxiter"": 15000,""maxcor"": 10}"	"{ ""sample_size"": 2000, ""number_of_tries"": 10, ""percent_to_visualize"": 95 }"	True	trainig_log
253	1199.4	180444.0	7.049318500528089	drosophila_melanogaster_genes_exons.bed	combined	18	20	i	"{""ftol"": 1e-6,""gtol"": 1e-6,""maxiter"": 15000,""maxcor"": 10}"	"{ ""sample_size"": 2000, ""number_of_tries"": 10, ""percent_to_visualize"": 95 }"	True	trainig_log
254	2373.3	180728.0	7.134117400458191	drosophila_melanogaster_genes_exons.bed	combined	20	20	i	"{""ftol"": 1e-6,""gtol"": 1e-6,""maxiter"": 15000,""maxcor"": 10}"	"{ ""sample_size"": 2000, ""number_of_tries"": 10, ""percent_to_visualize"": 95 }"	True	trainig_log
255	2877.83	180772.0	7.133060406839893	drosophila_melanogaster_genes_exons.bed	combined	22	20	i	"{""ftol"": 1e-6,""gtol"": 1e-6,""maxiter"": 15000,""maxcor"": 10}"	"{ ""sample_size"": 2000, ""number_of_tries"": 10, ""percent_to_visualize"": 95 }"	True	trainig_log
256	2926.47	180224.0	7.137282260626245	drosophila_melanogaster_genes_exons.bed	combined	24	20	i	"{""ftol"": 1e-6,""gtol"": 1e-6,""maxiter"": 15000,""maxcor"": 10}"	"{ ""sample_size"": 2000, ""number_of_tries"": 10, ""percent_to_visualize"": 95 }"	True	trainig_log
257	2917.3	180720.0	7.049342969736266	drosophila_melanogaster_genes_exons.bed	combined	26	20	i	"{""ftol"": 1e-6,""gtol"": 1e-6,""maxiter"": 15000,""maxcor"": 10}"	"{ ""sample_size"": 2000, ""number_of_tries"": 10, ""percent_to_visualize"": 95 }"	True	trainig_log
258	3412.22	181196.0	7.133446631039533	drosophila_melanogaster_genes_exons.bed	combined	28	20	i	"{""ftol"": 1e-6,""gtol"": 1e-6,""maxiter"": 15000,""maxcor"": 10}"	"{ ""sample_size"": 2000, ""number_of_tries"": 10, ""percent_to_visualize"": 95 }"	True	trainig_log
259	3502.52	180492.0	7.137564982548804	drosophila_melanogaster_genes_exons.bed	combined	30	20	i	"{""ftol"": 1e-6,""gtol"": 1e-6,""maxiter"": 15000,""maxcor"": 10}"	"{ ""sample_size"": 2000, ""number_of_tries"": 10, ""percent_to_visualize"": 95 }"	True	trainig_log
260	3595.53	180580.0	7.051566169743168	drosophila_melanogaster_genes_exons.bed	combined	32	20	i	"{""ftol"": 1e-6,""gtol"": 1e-6,""maxiter"": 15000,""maxcor"": 10}"	"{ ""sample_size"": 2000, ""number_of_tries"": 10, ""percent_to_visualize"": 95 }"	True	trainig_log
261	10.84	168228.0	46.05170185988091	far_gaussian.npy	combined	2	20	d	"{""ftol"": 1e-6,""gtol"": 1e-6,""maxiter"": 15000,""maxcor"": 10}"	"{ ""sample_size"": 1000, ""number_of_tries"": 10, ""percent_to_visualize"": 100 }"	True	trainig_log
262	13.77	168552.0	46.05170185988091	far_gaussian.npy	combined	4	20	d	"{""ftol"": 1e-6,""gtol"": 1e-6,""maxiter"": 15000,""maxcor"": 10}"	"{ ""sample_size"": 1000, ""number_of_tries"": 10, ""percent_to_visualize"": 100 }"	True	trainig_log
263	13.05	168452.0	46.05170185988091	far_gaussian.npy	combined	6	20	d	"{""ftol"": 1e-6,""gtol"": 1e-6,""maxiter"": 15000,""maxcor"": 10}"	"{ ""sample_size"": 1000, ""number_of_tries"": 10, ""percent_to_visualize"": 100 }"	True	trainig_log
264	14.39	168576.0	46.05170185988091	far_gaussian.npy	combined	8	20	d	"{""ftol"": 1e-6,""gtol"": 1e-6,""maxiter"": 15000,""maxcor"": 10}"	"{ ""sample_size"": 1000, ""number_of_tries"": 10, ""percent_to_visualize"": 100 }"	True	trainig_log
265	19.28	168420.0	46.05170185988091	far_gaussian.npy	combined	10	20	d	"{""ftol"": 1e-6,""gtol"": 1e-6,""maxiter"": 15000,""maxcor"": 10}"	"{ ""sample_size"": 1000, ""number_of_tries"": 10, ""percent_to_visualize"": 100 }"	True	trainig_log
266	18.65	168792.0	46.05170185988091	far_gaussian.npy	combined	12	20	d	"{""ftol"": 1e-6,""gtol"": 1e-6,""maxiter"": 15000,""maxcor"": 10}"	"{ ""sample_size"": 1000, ""number_of_tries"": 10, ""percent_to_visualize"": 100 }"	True	trainig_log
267	15.1	168708.0	46.05170185988091	far_gaussian.npy	combined	14	20	d	"{""ftol"": 1e-6,""gtol"": 1e-6,""maxiter"": 15000,""maxcor"": 10}"	"{ ""sample_size"": 1000, ""number_of_tries"": 10, ""percent_to_visualize"": 100 }"	True	trainig_log
268	17.37	168692.0	46.05170185988091	far_gaussian.npy	combined	16	20	d	"{""ftol"": 1e-6,""gtol"": 1e-6,""maxiter"": 15000,""maxcor"": 10}"	"{ ""sample_size"": 1000, ""number_of_tries"": 10, ""percent_to_visualize"": 100 }"	True	trainig_log
269	19.36	168740.0	46.05170185988091	far_gaussian.npy	combined	18	20	d	"{""ftol"": 1e-6,""gtol"": 1e-6,""maxiter"": 15000,""maxcor"": 10}"	"{ ""sample_size"": 1000, ""number_of_tries"": 10, ""percent_to_visualize"": 100 }"	True	trainig_log
270	23.44	168612.0	46.05170185988091	far_gaussian.npy	combined	20	20	d	"{""ftol"": 1e-6,""gtol"": 1e-6,""maxiter"": 15000,""maxcor"": 10}"	"{ ""sample_size"": 1000, ""number_of_tries"": 10, ""percent_to_visualize"": 100 }"	True	trainig_log
271	25.41	168556.0	46.05170185988091	far_gaussian.npy	combined	22	20	d	"{""ftol"": 1e-6,""gtol"": 1e-6,""maxiter"": 15000,""maxcor"": 10}"	"{ ""sample_size"": 1000, ""number_of_tries"": 10, ""percent_to_visualize"": 100 }"	True	trainig_log
272	22.66	168808.0	46.05170185988091	far_gaussian.npy	combined	24	20	d	"{""ftol"": 1e-6,""gtol"": 1e-6,""maxiter"": 15000,""maxcor"": 10}"	"{ ""sample_size"": 1000, ""number_of_tries"": 10, ""percent_to_visualize"": 100 }"	True	trainig_log
273	24.22	168688.0	46.05170185988091	far_gaussian.npy	combined	26	20	d	"{""ftol"": 1e-6,""gtol"": 1e-6,""maxiter"": 15000,""maxcor"": 10}"	"{ ""sample_size"": 1000, ""number_of_tries"": 10, ""percent_to_visualize"": 100 }"	True	trainig_log
274	20.16	168500.0	46.05170185988091	far_gaussian.npy	combined	28	20	d	"{""ftol"": 1e-6,""gtol"": 1e-6,""maxiter"": 15000,""maxcor"": 10}"	"{ ""sample_size"": 1000, ""number_of_tries"": 10, ""percent_to_visualize"": 100 }"	True	trainig_log
275	24.34	168272.0	46.05170185988091	far_gaussian.npy	combined	30	20	d	"{""ftol"": 1e-6,""gtol"": 1e-6,""maxiter"": 15000,""maxcor"": 10}"	"{ ""sample_size"": 1000, ""number_of_tries"": 10, ""percent_to_visualize"": 100 }"	True	trainig_log
276	22.25	168564.0	3.302922561282714	uniform.npy	combined	2	20	d	"{""ftol"": 1e-6,""gtol"": 1e-6,""maxiter"": 15000,""maxcor"": 10}"	"{ ""sample_size"": 1000, ""number_of_tries"": 10, ""percent_to_visualize"": 100 }"	True	trainig_log
277	46.43	168960.0	3.149612300569094	uniform.npy	combined	4	20	d	"{""ftol"": 1e-6,""gtol"": 1e-6,""maxiter"": 15000,""maxcor"": 10}"	"{ ""sample_size"": 1000, ""number_of_tries"": 10, ""percent_to_visualize"": 100 }"	True	trainig_log
278	66.91	168504.0	3.119200312533008	uniform.npy	combined	6	20	d	"{""ftol"": 1e-6,""gtol"": 1e-6,""maxiter"": 15000,""maxcor"": 10}"	"{ ""sample_size"": 1000, ""number_of_tries"": 10, ""percent_to_visualize"": 100 }"	True	trainig_log
279	89.8	168432.0	3.0929807835119467	uniform.npy	combined	8	20	d	"{""ftol"": 1e-6,""gtol"": 1e-6,""maxiter"": 15000,""maxcor"": 10}"	"{ ""sample_size"": 1000, ""number_of_tries"": 10, ""percent_to_visualize"": 100 }"	True	trainig_log
280	88.2	168772.0	3.0773527321072693	uniform.npy	combined	10	20	d	"{""ftol"": 1e-6,""gtol"": 1e-6,""maxiter"": 15000,""maxcor"": 10}"	"{ ""sample_size"": 1000, ""number_of_tries"": 10, ""percent_to_visualize"": 100 }"	True	trainig_log
281	127.64	168600.0	3.0606160275618888	uniform.npy	combined	12	20	d	"{""ftol"": 1e-6,""gtol"": 1e-6,""maxiter"": 15000,""maxcor"": 10}"	"{ ""sample_size"": 1000, ""number_of_tries"": 10, ""percent_to_visualize"": 100 }"	True	trainig_log
282	205.18	168632.0	3.0574378924846934	uniform.npy	combined	14	20	d	"{""ftol"": 1e-6,""gtol"": 1e-6,""maxiter"": 15000,""maxcor"": 10}"	"{ ""sample_size"": 1000, ""number_of_tries"": 10, ""percent_to_visualize"": 100 }"	True	trainig_log
283	301.29	168976.0	3.0399435718518206	uniform.npy	combined	16	20	d	"{""ftol"": 1e-6,""gtol"": 1e-6,""maxiter"": 15000,""maxcor"": 10}"	"{ ""sample_size"": 1000, ""number_of_tries"": 10, ""percent_to_visualize"": 100 }"	True	trainig_log
284	300.75	168420.0	3.0464537215306478	uniform.npy	combined	18	20	d	"{""ftol"": 1e-6,""gtol"": 1e-6,""maxiter"": 15000,""maxcor"": 10}"	"{ ""sample_size"": 1000, ""number_of_tries"": 10, ""percent_to_visualize"": 100 }"	True	trainig_log
285	398.39	168824.0	3.041821656458898	uniform.npy	combined	20	20	d	"{""ftol"": 1e-6,""gtol"": 1e-6,""maxiter"": 15000,""maxcor"": 10}"	"{ ""sample_size"": 1000, ""number_of_tries"": 10, ""percent_to_visualize"": 100 }"	True	trainig_log
286	488.06	168488.0	3.040823219080383	uniform.npy	combined	22	20	d	"{""ftol"": 1e-6,""gtol"": 1e-6,""maxiter"": 15000,""maxcor"": 10}"	"{ ""sample_size"": 1000, ""number_of_tries"": 10, ""percent_to_visualize"": 100 }"	True	trainig_log
287	559.3	168924.0	3.04291540152528	uniform.npy	combined	24	20	d	"{""ftol"": 1e-6,""gtol"": 1e-6,""maxiter"": 15000,""maxcor"": 10}"	"{ ""sample_size"": 1000, ""number_of_tries"": 10, ""percent_to_visualize"": 100 }"	True	trainig_log
288	552.61	168976.0	3.0369047509037905	uniform.npy	combined	26	20	d	"{""ftol"": 1e-6,""gtol"": 1e-6,""maxiter"": 15000,""maxcor"": 10}"	"{ ""sample_size"": 1000, ""number_of_tries"": 10, ""percent_to_visualize"": 100 }"	True	trainig_log
289	493.68	169476.0	3.04121493474502	uniform.npy	combined	28	20	d	"{""ftol"": 1e-6,""gtol"": 1e-6,""maxiter"": 15000,""maxcor"": 10}"	"{ ""sample_size"": 1000, ""number_of_tries"": 10, ""percent_to_visualize"": 100 }"	True	trainig_log
290	594.87	169272.0	3.0445725932583945	uniform.npy	combined	30	20	d	"{""ftol"": 1e-6,""gtol"": 1e-6,""maxiter"": 15000,""maxcor"": 10}"	"{ ""sample_size"": 1000, ""number_of_tries"": 10, ""percent_to_visualize"": 100 }"	True	trainig_log
291	759.29	169004.0	3.033644600954783	uniform.npy	combined	32	20	d	"{""ftol"": 1e-6,""gtol"": 1e-6,""maxiter"": 15000,""maxcor"": 10}"	"{ ""sample_size"": 1000, ""number_of_tries"": 10, ""percent_to_visualize"": 100 }"	True	trainig_log
292	202.54	180140.0	7.192853499777937	drosophila_melanogaster_genes_exons.bed	combined	2	20	i	"{""ftol"": 1e-6,""gtol"": 1e-6,""maxiter"": 15000,""maxcor"": 10}"	"{ ""sample_size"": 2000, ""number_of_tries"": 10, ""percent_to_visualize"": 95 }"	False	trainig_log
293	393.32	180024.0	7.148914558769012	drosophila_melanogaster_genes_exons.bed	combined	4	20	i	"{""ftol"": 1e-6,""gtol"": 1e-6,""maxiter"": 15000,""maxcor"": 10}"	"{ ""sample_size"": 2000, ""number_of_tries"": 10, ""percent_to_visualize"": 95 }"	False	trainig_log
294	1059.3	180360.0	7.136236171803478	drosophila_melanogaster_genes_exons.bed	combined	6	20	i	"{""ftol"": 1e-6,""gtol"": 1e-6,""maxiter"": 15000,""maxcor"": 10}"	"{ ""sample_size"": 2000, ""number_of_tries"": 10, ""percent_to_visualize"": 95 }"	False	trainig_log
295	1105.77	180116.0	7.047771554410392	drosophila_melanogaster_genes_exons.bed	combined	8	20	i	"{""ftol"": 1e-6,""gtol"": 1e-6,""maxiter"": 15000,""maxcor"": 10}"	"{ ""sample_size"": 2000, ""number_of_tries"": 10, ""percent_to_visualize"": 95 }"	False	trainig_log
296	1532.31	180440.0	7.142206640904621	drosophila_melanogaster_genes_exons.bed	combined	10	20	i	"{""ftol"": 1e-6,""gtol"": 1e-6,""maxiter"": 15000,""maxcor"": 10}"	"{ ""sample_size"": 2000, ""number_of_tries"": 10, ""percent_to_visualize"": 95 }"	False	trainig_log
297	1829.37	180236.0	7.134582936808338	drosophila_melanogaster_genes_exons.bed	combined	12	20	i	"{""ftol"": 1e-6,""gtol"": 1e-6,""maxiter"": 15000,""maxcor"": 10}"	"{ ""sample_size"": 2000, ""number_of_tries"": 10, ""percent_to_visualize"": 95 }"	False	trainig_log
298	1824.95	180420.0	7.135132631286466	drosophila_melanogaster_genes_exons.bed	combined	14	20	i	"{""ftol"": 1e-6,""gtol"": 1e-6,""maxiter"": 15000,""maxcor"": 10}"	"{ ""sample_size"": 2000, ""number_of_tries"": 10, ""percent_to_visualize"": 95 }"	False	trainig_log
299	2231.51	180800.0	7.1344856967322485	drosophila_melanogaster_genes_exons.bed	combined	16	20	i	"{""ftol"": 1e-6,""gtol"": 1e-6,""maxiter"": 15000,""maxcor"": 10}"	"{ ""sample_size"": 2000, ""number_of_tries"": 10, ""percent_to_visualize"": 95 }"	False	trainig_log
300	2637.24	180488.0	7.135490267814987	drosophila_melanogaster_genes_exons.bed	combined	18	20	i	"{""ftol"": 1e-6,""gtol"": 1e-6,""maxiter"": 15000,""maxcor"": 10}"	"{ ""sample_size"": 2000, ""number_of_tries"": 10, ""percent_to_visualize"": 95 }"	False	trainig_log
301	2419.99	180680.0	7.136040774109598	drosophila_melanogaster_genes_exons.bed	combined	20	20	i	"{""ftol"": 1e-6,""gtol"": 1e-6,""maxiter"": 15000,""maxcor"": 10}"	"{ ""sample_size"": 2000, ""number_of_tries"": 10, ""percent_to_visualize"": 95 }"	False	trainig_log
302	2442.59	180648.0	7.135981389584514	drosophila_melanogaster_genes_exons.bed	combined	22	20	i	"{""ftol"": 1e-6,""gtol"": 1e-6,""maxiter"": 15000,""maxcor"": 10}"	"{ ""sample_size"": 2000, ""number_of_tries"": 10, ""percent_to_visualize"": 95 }"	False	trainig_log
303	2697.93	180808.0	7.1383887593165	drosophila_melanogaster_genes_exons.bed	combined	24	20	i	"{""ftol"": 1e-6,""gtol"": 1e-6,""maxiter"": 15000,""maxcor"": 10}"	"{ ""sample_size"": 2000, ""number_of_tries"": 10, ""percent_to_visualize"": 95 }"	False	trainig_log
304	2947.16	180396.0	7.135654557524084	drosophila_melanogaster_genes_exons.bed	combined	26	20	i	"{""ftol"": 1e-6,""gtol"": 1e-6,""maxiter"": 15000,""maxcor"": 10}"	"{ ""sample_size"": 2000, ""number_of_tries"": 10, ""percent_to_visualize"": 95 }"	False	trainig_log
305	3312.11	181148.0	7.0498599484273266	drosophila_melanogaster_genes_exons.bed	combined	28	20	i	"{""ftol"": 1e-6,""gtol"": 1e-6,""maxiter"": 15000,""maxcor"": 10}"	"{ ""sample_size"": 2000, ""number_of_tries"": 10, ""percent_to_visualize"": 95 }"	False	trainig_log
306	3662.63	180864.0	7.059070656764859	drosophila_melanogaster_genes_exons.bed	combined	30	20	i	"{""ftol"": 1e-6,""gtol"": 1e-6,""maxiter"": 15000,""maxcor"": 10}"	"{ ""sample_size"": 2000, ""number_of_tries"": 10, ""percent_to_visualize"": 95 }"	False	trainig_log
307	3230.14	180524.0	7.138152582739501	drosophila_melanogaster_genes_exons.bed	combined	32	20	i	"{""ftol"": 1e-6,""gtol"": 1e-6,""maxiter"": 15000,""maxcor"": 10}"	"{ ""sample_size"": 2000, ""number_of_tries"": 10, ""percent_to_visualize"": 95 }"	False	trainig_log
308	10.78	168048.0	46.05170185988091	far_gaussian.npy	combined	2	20	d	"{""ftol"": 1e-6,""gtol"": 1e-6,""maxiter"": 15000,""maxcor"": 10}"	"{ ""sample_size"": 1000, ""number_of_tries"": 10, ""percent_to_visualize"": 100 }"	False	trainig_log
309	11.2	168932.0	46.05170185988091	far_gaussian.npy	combined	4	20	d	"{""ftol"": 1e-6,""gtol"": 1e-6,""maxiter"": 15000,""maxcor"": 10}"	"{ ""sample_size"": 1000, ""number_of_tries"": 10, ""percent_to_visualize"": 100 }"	False	trainig_log
310	12.11	168760.0	46.05170185988091	far_gaussian.npy	combined	6	20	d	"{""ftol"": 1e-6,""gtol"": 1e-6,""maxiter"": 15000,""maxcor"": 10}"	"{ ""sample_size"": 1000, ""number_of_tries"": 10, ""percent_to_visualize"": 100 }"	False	trainig_log
311	9.62	168816.0	46.05170185988091	far_gaussian.npy	combined	8	20	d	"{""ftol"": 1e-6,""gtol"": 1e-6,""maxiter"": 15000,""maxcor"": 10}"	"{ ""sample_size"": 1000, ""number_of_tries"": 10, ""percent_to_visualize"": 100 }"	False	trainig_log
312	17.25	168620.0	46.05170185988091	far_gaussian.npy	combined	10	20	d	"{""ftol"": 1e-6,""gtol"": 1e-6,""maxiter"": 15000,""maxcor"": 10}"	"{ ""sample_size"": 1000, ""number_of_tries"": 10, ""percent_to_visualize"": 100 }"	False	trainig_log
313	10.33	168300.0	46.05170185988091	far_gaussian.npy	combined	12	20	d	"{""ftol"": 1e-6,""gtol"": 1e-6,""maxiter"": 15000,""maxcor"": 10}"	"{ ""sample_size"": 1000, ""number_of_tries"": 10, ""percent_to_visualize"": 100 }"	False	trainig_log
314	9.52	168340.0	46.05170185988091	far_gaussian.npy	combined	14	20	d	"{""ftol"": 1e-6,""gtol"": 1e-6,""maxiter"": 15000,""maxcor"": 10}"	"{ ""sample_size"": 1000, ""number_of_tries"": 10, ""percent_to_visualize"": 100 }"	False	trainig_log
315	25.16	168756.0	46.05170185988091	far_gaussian.npy	combined	16	20	d	"{""ftol"": 1e-6,""gtol"": 1e-6,""maxiter"": 15000,""maxcor"": 10}"	"{ ""sample_size"": 1000, ""number_of_tries"": 10, ""percent_to_visualize"": 100 }"	False	trainig_log
316	18.92	168916.0	46.05170185988091	far_gaussian.npy	combined	18	20	d	"{""ftol"": 1e-6,""gtol"": 1e-6,""maxiter"": 15000,""maxcor"": 10}"	"{ ""sample_size"": 1000, ""number_of_tries"": 10, ""percent_to_visualize"": 100 }"	False	trainig_log
317	22.66	168568.0	46.05170185988091	far_gaussian.npy	combined	20	20	d	"{""ftol"": 1e-6,""gtol"": 1e-6,""maxiter"": 15000,""maxcor"": 10}"	"{ ""sample_size"": 1000, ""number_of_tries"": 10, ""percent_to_visualize"": 100 }"	False	trainig_log
318	21.96	168112.0	46.05170185988091	far_gaussian.npy	combined	22	20	d	"{""ftol"": 1e-6,""gtol"": 1e-6,""maxiter"": 15000,""maxcor"": 10}"	"{ ""sample_size"": 1000, ""number_of_tries"": 10, ""percent_to_visualize"": 100 }"	False	trainig_log
319	20.72	168628.0	46.05170185988091	far_gaussian.npy	combined	24	20	d	"{""ftol"": 1e-6,""gtol"": 1e-6,""maxiter"": 15000,""maxcor"": 10}"	"{ ""sample_size"": 1000, ""number_of_tries"": 10, ""percent_to_visualize"": 100 }"	False	trainig_log
320	27.81	168628.0	46.05170185988091	far_gaussian.npy	combined	26	20	d	"{""ftol"": 1e-6,""gtol"": 1e-6,""maxiter"": 15000,""maxcor"": 10}"	"{ ""sample_size"": 1000, ""number_of_tries"": 10, ""percent_to_visualize"": 100 }"	False	trainig_log
321	26.92	168848.0	46.05170185988091	far_gaussian.npy	combined	28	20	d	"{""ftol"": 1e-6,""gtol"": 1e-6,""maxiter"": 15000,""maxcor"": 10}"	"{ ""sample_size"": 1000, ""number_of_tries"": 10, ""percent_to_visualize"": 100 }"	False	trainig_log
322	28.46	169008.0	46.05170185988091	far_gaussian.npy	combined	30	20	d	"{""ftol"": 1e-6,""gtol"": 1e-6,""maxiter"": 15000,""maxcor"": 10}"	"{ ""sample_size"": 1000, ""number_of_tries"": 10, ""percent_to_visualize"": 100 }"	False	trainig_log
323	9.48	168600.0	46.05170185988091	far_gaussian.npy	escape_chain	2	1	d	"{""ftol"": 1e-6,""gtol"": 1e-6,""maxiter"": 15000,""maxcor"": 10}"	"{ ""sample_size"": 500, ""number_of_tries"": 10, ""percent_to_visualize"": 100 }"	False	trainig_log
324	7.31	168524.0	46.05170185988091	far_gaussian.npy	escape_chain	4	1	d	"{""ftol"": 1e-6,""gtol"": 1e-6,""maxiter"": 15000,""maxcor"": 10}"	"{ ""sample_size"": 500, ""number_of_tries"": 10, ""percent_to_visualize"": 100 }"	False	trainig_log
325	6.39	168392.0	46.05170185988091	far_gaussian.npy	escape_chain	6	1	d	"{""ftol"": 1e-6,""gtol"": 1e-6,""maxiter"": 15000,""maxcor"": 10}"	"{ ""sample_size"": 500, ""number_of_tries"": 10, ""percent_to_visualize"": 100 }"	False	trainig_log
326	6.43	168472.0	46.05170185988091	far_gaussian.npy	escape_chain	8	1	d	"{""ftol"": 1e-6,""gtol"": 1e-6,""maxiter"": 15000,""maxcor"": 10}"	"{ ""sample_size"": 500, ""number_of_tries"": 10, ""percent_to_visualize"": 100 }"	False	trainig_log
327	7.04	168324.0	46.05170185988091	far_gaussian.npy	escape_chain	10	1	d	"{""ftol"": 1e-6,""gtol"": 1e-6,""maxiter"": 15000,""maxcor"": 10}"	"{ ""sample_size"": 500, ""number_of_tries"": 10, ""percent_to_visualize"": 100 }"	False	trainig_log
328	7.16	168200.0	46.05170185988091	far_gaussian.npy	escape_chain	12	1	d	"{""ftol"": 1e-6,""gtol"": 1e-6,""maxiter"": 15000,""maxcor"": 10}"	"{ ""sample_size"": 500, ""number_of_tries"": 10, ""percent_to_visualize"": 100 }"	False	trainig_log
329	9.47	168852.0	46.05170185988091	far_gaussian.npy	escape_chain	14	1	d	"{""ftol"": 1e-6,""gtol"": 1e-6,""maxiter"": 15000,""maxcor"": 10}"	"{ ""sample_size"": 500, ""number_of_tries"": 10, ""percent_to_visualize"": 100 }"	False	trainig_log
330	8.05	168768.0	46.05170185988091	far_gaussian.npy	escape_chain	16	1	d	"{""ftol"": 1e-6,""gtol"": 1e-6,""maxiter"": 15000,""maxcor"": 10}"	"{ ""sample_size"": 500, ""number_of_tries"": 10, ""percent_to_visualize"": 100 }"	False	trainig_log
331	8.26	168672.0	46.05170185988091	far_gaussian.npy	escape_chain	18	1	d	"{""ftol"": 1e-6,""gtol"": 1e-6,""maxiter"": 15000,""maxcor"": 10}"	"{ ""sample_size"": 500, ""number_of_tries"": 10, ""percent_to_visualize"": 100 }"	False	trainig_log
332	9.53	168288.0	46.05170185988091	far_gaussian.npy	escape_chain	20	1	d	"{""ftol"": 1e-6,""gtol"": 1e-6,""maxiter"": 15000,""maxcor"": 10}"	"{ ""sample_size"": 500, ""number_of_tries"": 10, ""percent_to_visualize"": 100 }"	False	trainig_log
333	10.56	168684.0	46.05170185988091	far_gaussian.npy	escape_chain	22	1	d	"{""ftol"": 1e-6,""gtol"": 1e-6,""maxiter"": 15000,""maxcor"": 10}"	"{ ""sample_size"": 500, ""number_of_tries"": 10, ""percent_to_visualize"": 100 }"	False	trainig_log
334	10.49	168164.0	46.05170185988091	far_gaussian.npy	escape_chain	24	1	d	"{""ftol"": 1e-6,""gtol"": 1e-6,""maxiter"": 15000,""maxcor"": 10}"	"{ ""sample_size"": 500, ""number_of_tries"": 10, ""percent_to_visualize"": 100 }"	False	trainig_log
335	11.11	168656.0	46.05170185988091	far_gaussian.npy	escape_chain	26	1	d	"{""ftol"": 1e-6,""gtol"": 1e-6,""maxiter"": 15000,""maxcor"": 10}"	"{ ""sample_size"": 500, ""number_of_tries"": 10, ""percent_to_visualize"": 100 }"	False	trainig_log
336	11.74	168628.0	46.05170185988091	far_gaussian.npy	escape_chain	28	1	d	"{""ftol"": 1e-6,""gtol"": 1e-6,""maxiter"": 15000,""maxcor"": 10}"	"{ ""sample_size"": 500, ""number_of_tries"": 10, ""percent_to_visualize"": 100 }"	False	trainig_log
337	11.79	168136.0	46.05170185988091	far_gaussian.npy	escape_chain	30	1	d	"{""ftol"": 1e-6,""gtol"": 1e-6,""maxiter"": 15000,""maxcor"": 10}"	"{ ""sample_size"": 500, ""number_of_tries"": 10, ""percent_to_visualize"": 100 }"	False	trainig_log
338	9.01	167924.0	43.74914043118556	uniform.npy	escape_chain	2	1	d	"{""ftol"": 1e-6,""gtol"": 1e-6,""maxiter"": 15000,""maxcor"": 10}"	"{ ""sample_size"": 500, ""number_of_tries"": 10, ""percent_to_visualize"": 100 }"	False	trainig_log
339	11.43	168292.0	39.30934483647341	uniform.npy	escape_chain	4	1	d	"{""ftol"": 1e-6,""gtol"": 1e-6,""maxiter"": 15000,""maxcor"": 10}"	"{ ""sample_size"": 500, ""number_of_tries"": 10, ""percent_to_visualize"": 100 }"	False	trainig_log
340	11.01	168780.0	34.94631260727399	uniform.npy	escape_chain	6	1	d	"{""ftol"": 1e-6,""gtol"": 1e-6,""maxiter"": 15000,""maxcor"": 10}"	"{ ""sample_size"": 500, ""number_of_tries"": 10, ""percent_to_visualize"": 100 }"	False	trainig_log
341	16.58	168060.0	30.618292016067443	uniform.npy	escape_chain	8	1	d	"{""ftol"": 1e-6,""gtol"": 1e-6,""maxiter"": 15000,""maxcor"": 10}"	"{ ""sample_size"": 500, ""number_of_tries"": 10, ""percent_to_visualize"": 100 }"	False	trainig_log
342	19.66	167956.0	26.32218906099771	uniform.npy	escape_chain	10	1	d	"{""ftol"": 1e-6,""gtol"": 1e-6,""maxiter"": 15000,""maxcor"": 10}"	"{ ""sample_size"": 500, ""number_of_tries"": 10, ""percent_to_visualize"": 100 }"	False	trainig_log
343	27.07	168280.0	22.066800402503905	uniform.npy	escape_chain	12	1	d	"{""ftol"": 1e-6,""gtol"": 1e-6,""maxiter"": 15000,""maxcor"": 10}"	"{ ""sample_size"": 500, ""number_of_tries"": 10, ""percent_to_visualize"": 100 }"	False	trainig_log
344	28.83	168272.0	17.79647996810992	uniform.npy	escape_chain	14	1	d	"{""ftol"": 1e-6,""gtol"": 1e-6,""maxiter"": 15000,""maxcor"": 10}"	"{ ""sample_size"": 500, ""number_of_tries"": 10, ""percent_to_visualize"": 100 }"	False	trainig_log
345	24.88	168352.0	13.562986644203342	uniform.npy	escape_chain	16	1	d	"{""ftol"": 1e-6,""gtol"": 1e-6,""maxiter"": 15000,""maxcor"": 10}"	"{ ""sample_size"": 500, ""number_of_tries"": 10, ""percent_to_visualize"": 100 }"	False	trainig_log
346	41.34	168524.0	9.32577199569759	uniform.npy	escape_chain	18	1	d	"{""ftol"": 1e-6,""gtol"": 1e-6,""maxiter"": 15000,""maxcor"": 10}"	"{ ""sample_size"": 500, ""number_of_tries"": 10, ""percent_to_visualize"": 100 }"	False	trainig_log
347	38.29	168380.0	5.111997791414715	uniform.npy	escape_chain	20	1	d	"{""ftol"": 1e-6,""gtol"": 1e-6,""maxiter"": 15000,""maxcor"": 10}"	"{ ""sample_size"": 500, ""number_of_tries"": 10, ""percent_to_visualize"": 100 }"	False	trainig_log
348	46.69	167900.0	3.041454257028747	uniform.npy	escape_chain	22	1	d	"{""ftol"": 1e-6,""gtol"": 1e-6,""maxiter"": 15000,""maxcor"": 10}"	"{ ""sample_size"": 500, ""number_of_tries"": 10, ""percent_to_visualize"": 100 }"	False	trainig_log
349	52.87	168816.0	3.0312696631195153	uniform.npy	escape_chain	24	1	d	"{""ftol"": 1e-6,""gtol"": 1e-6,""maxiter"": 15000,""maxcor"": 10}"	"{ ""sample_size"": 500, ""number_of_tries"": 10, ""percent_to_visualize"": 100 }"	False	trainig_log
350	54.34	168896.0	3.026035680001945	uniform.npy	escape_chain	26	1	d	"{""ftol"": 1e-6,""gtol"": 1e-6,""maxiter"": 15000,""maxcor"": 10}"	"{ ""sample_size"": 500, ""number_of_tries"": 10, ""percent_to_visualize"": 100 }"	False	trainig_log
351	71.88	168004.0	3.0285046221570022	uniform.npy	escape_chain	28	1	d	"{""ftol"": 1e-6,""gtol"": 1e-6,""maxiter"": 15000,""maxcor"": 10}"	"{ ""sample_size"": 500, ""number_of_tries"": 10, ""percent_to_visualize"": 100 }"	False	trainig_log
352	75.57	168040.0	3.0325441889356965	uniform.npy	escape_chain	30	1	d	"{""ftol"": 1e-6,""gtol"": 1e-6,""maxiter"": 15000,""maxcor"": 10}"	"{ ""sample_size"": 500, ""number_of_tries"": 10, ""percent_to_visualize"": 100 }"	False	trainig_log
353	6.16	168488.0	46.05170185988091	bimodal.npy	escape_chain	2	1	d	"{""ftol"": 1e-6,""gtol"": 1e-6,""maxiter"": 15000,""maxcor"": 10}"	"{ ""sample_size"": 500, ""number_of_tries"": 10, ""percent_to_visualize"": 100 }"	False	trainig_log
354	6.07	168256.0	46.05170185988091	bimodal.npy	escape_chain	4	1	d	"{""ftol"": 1e-6,""gtol"": 1e-6,""maxiter"": 15000,""maxcor"": 10}"	"{ ""sample_size"": 500, ""number_of_tries"": 10, ""percent_to_visualize"": 100 }"	False	trainig_log
355	5.56	167884.0	46.05170185988091	bimodal.npy	escape_chain	6	1	d	"{""ftol"": 1e-6,""gtol"": 1e-6,""maxiter"": 15000,""maxcor"": 10}"	"{ ""sample_size"": 500, ""number_of_tries"": 10, ""percent_to_visualize"": 100 }"	False	trainig_log
356	8.56	167956.0	45.959611700539924	bimodal.npy	escape_chain	8	1	d	"{""ftol"": 1e-6,""gtol"": 1e-6,""maxiter"": 15000,""maxcor"": 10}"	"{ ""sample_size"": 500, ""number_of_tries"": 10, ""percent_to_visualize"": 100 }"	False	trainig_log
357	14.53	168796.0	45.47510019640175	bimodal.npy	escape_chain	10	1	d	"{""ftol"": 1e-6,""gtol"": 1e-6,""maxiter"": 15000,""maxcor"": 10}"	"{ ""sample_size"": 500, ""number_of_tries"": 10, ""percent_to_visualize"": 100 }"	False	trainig_log
358	22.42	168508.0	44.23286856379672	bimodal.npy	escape_chain	12	1	d	"{""ftol"": 1e-6,""gtol"": 1e-6,""maxiter"": 15000,""maxcor"": 10}"	"{ ""sample_size"": 500, ""number_of_tries"": 10, ""percent_to_visualize"": 100 }"	False	trainig_log
359	27.62	168720.0	40.848534833614224	bimodal.npy	escape_chain	14	1	d	"{""ftol"": 1e-6,""gtol"": 1e-6,""maxiter"": 15000,""maxcor"": 10}"	"{ ""sample_size"": 500, ""number_of_tries"": 10, ""percent_to_visualize"": 100 }"	False	trainig_log
360	33.3	167848.0	35.04359909474293	bimodal.npy	escape_chain	16	1	d	"{""ftol"": 1e-6,""gtol"": 1e-6,""maxiter"": 15000,""maxcor"": 10}"	"{ ""sample_size"": 500, ""number_of_tries"": 10, ""percent_to_visualize"": 100 }"	False	trainig_log
361	52.16	168720.0	29.690222828012434	bimodal.npy	escape_chain	18	1	d	"{""ftol"": 1e-6,""gtol"": 1e-6,""maxiter"": 15000,""maxcor"": 10}"	"{ ""sample_size"": 500, ""number_of_tries"": 10, ""percent_to_visualize"": 100 }"	False	trainig_log
362	45.92	168352.0	26.375282994898306	bimodal.npy	escape_chain	20	1	d	"{""ftol"": 1e-6,""gtol"": 1e-6,""maxiter"": 15000,""maxcor"": 10}"	"{ ""sample_size"": 500, ""number_of_tries"": 10, ""percent_to_visualize"": 100 }"	False	trainig_log
363	51.78	168580.0	24.953940253150567	bimodal.npy	escape_chain	22	1	d	"{""ftol"": 1e-6,""gtol"": 1e-6,""maxiter"": 15000,""maxcor"": 10}"	"{ ""sample_size"": 500, ""number_of_tries"": 10, ""percent_to_visualize"": 100 }"	False	trainig_log
364	103.08	168728.0	24.46520862014905	bimodal.npy	escape_chain	24	1	d	"{""ftol"": 1e-6,""gtol"": 1e-6,""maxiter"": 15000,""maxcor"": 10}"	"{ ""sample_size"": 500, ""number_of_tries"": 10, ""percent_to_visualize"": 100 }"	False	trainig_log
365	59.51	168476.0	24.277950984341857	bimodal.npy	escape_chain	26	1	d	"{""ftol"": 1e-6,""gtol"": 1e-6,""maxiter"": 15000,""maxcor"": 10}"	"{ ""sample_size"": 500, ""number_of_tries"": 10, ""percent_to_visualize"": 100 }"	False	trainig_log
366	124.04	168064.0	24.223827004540787	bimodal.npy	escape_chain	28	1	d	"{""ftol"": 1e-6,""gtol"": 1e-6,""maxiter"": 15000,""maxcor"": 10}"	"{ ""sample_size"": 500, ""number_of_tries"": 10, ""percent_to_visualize"": 100 }"	False	trainig_log
367	64.66	168492.0	24.17528870107161	bimodal.npy	escape_chain	30	1	d	"{""ftol"": 1e-6,""gtol"": 1e-6,""maxiter"": 15000,""maxcor"": 10}"	"{ ""sample_size"": 500, ""number_of_tries"": 10, ""percent_to_visualize"": 100 }"	False	trainig_log
